,Name,Station ID,Latitude,Longitude,Latitude (Decimal Degrees),Longitude (Decimal Degrees),First Year,Last Year,HLY First Year,HLY Last Year,DLY First Year,DLY Last Year,MLY First Year,MLY Last Year,daily_temp_nullcount,monthly_temp_nullcount,daily_precipiation_nullcount,monthly_precipiation_nullcount,daily_snow_nullcount,monthly_snow_nullcount
0,CHEMAINUS,26,485606080,-1234430000,48.94,-123.74,1919,2019,0,0,1919,2019,1919,2007,0,0,0,0,0,0
1,COWICHAN LAKE FORESTRY,37,484928000,-1240800000,48.82,-124.13,1949,2018,0,0,1949,2018,1949,2007,1,0,0,0,0,0
2,LAKE COWICHAN,40,484946000,-1240308000,48.83,-124.05,1960,2019,0,0,1960,2019,1960,2007,0,0,0,0,1,0
3,DISCOVERY ISLAND,27226,482528590,-1231332519,48.42,-123.23,1997,2019,1997,2019,1997,2019,1998,2005,1,0,1,0,1,0
4,DUNCAN KELVIN CREEK,46,484405000,-1234339001,48.73,-123.73,1987,2016,0,0,1987,2016,1987,2007,0,0,0,0,0,0
5,ESQUIMALT HARBOUR,52,482555100,-1232621600,48.43,-123.44,1957,2019,1994,2019,1957,2019,1957,2005,0,0,0,0,1,0
6,GALIANO NORTH,55,485906030,-1233424020,48.99,-123.57,1975,2019,0,0,1975,2019,1975,2007,0,0,0,0,0,0
7,KELP REEFS,10853,483251700,-1231413320,48.55,-123.24,1997,2019,1997,2019,2018,2019,0,0,1,1,1,1,1,1
8,MALAHAT,65,483429700,-1233147700,48.57,-123.53,1920,2019,1994,2019,1920,2019,1920,2005,0,0,0,0,1,0
9,METCHOSIN,68,482227001,-1233341002,48.37,-123.56,1911,2019,0,0,1911,2019,1915,2007,1,0,0,0,0,0
10,NORTH COWICHAN,76,484927000,-1234306000,48.82,-123.72,1981,2019,0,0,1981,2019,1981,2007,1,0,0,0,0,0
11,NORTH COWICHAN,46728,484927010,-1234308009,48.82,-123.72,2007,2019,2007,2019,2007,2019,0,0,0,1,1,1,0,1
12,NORTH PENDER ISLAND,77,484550040,-1231712010,48.76,-123.29,1972,2019,0,0,1972,2019,1972,2007,0,0,0,0,0,0
13,RACE ROCKS,10943,481752743,-1233153186,48.3,-123.53,1994,2019,1994,2019,1995,2019,0,0,0,1,1,1,1,1
14,SAANICHTON CDA,87,483718000,-1232508000,48.62,-123.42,1914,2019,0,0,1914,2019,1914,2007,0,0,0,0,0,0
15,SALTSPRING ST MARY'S L,93,485317000,-1233247000,48.89,-123.55,1975,2019,0,0,1975,2019,1975,2007,0,0,0,0,0,0
16,SAANICHTON MT NEWTON,78,483551000,-1232538000,48.6,-123.43,1980,2019,0,0,1980,2019,1980,2007,1,0,1,0,1,0
17,SATURNA CAPMON,95,484631000,-1230740006,48.78,-123.13,1989,2017,0,0,1989,2017,1989,2007,0,0,0,0,0,0
18,SATURNA CAPMON CS,6810,484630080,-1230741080,48.78,-123.13,1991,2019,2006,2019,1991,2019,1991,2007,0,0,0,0,1,0
19,SATURNA ISLAND CS,96,484702067,-1230241082,48.78,-123.04,1980,2019,1994,2019,1980,2019,1980,2007,0,0,0,0,1,0
20,SHAWNIGAN LAKE,97,483849010,-1233735070,48.65,-123.63,1911,2019,0,0,1911,2019,1911,2007,0,0,0,0,0,0
21,SHERINGHAM POINT,6811,482236100,-1235515700,48.38,-123.92,1992,2019,1994,2019,1992,2019,1992,2007,0,0,0,0,1,0
22,VICTORIA UNIVERSITY CS,6812,482725200,-1231816600,48.46,-123.3,1992,2019,1994,2019,1992,2019,1992,2007,0,0,0,0,1,0
23,VICTORIA FRANCIS PARK,112,482835000,-1232635000,48.48,-123.44,1962,2017,0,0,1962,2017,1962,2007,1,0,1,0,0,0
24,VICTORIA GONZALES CS,114,482447896,-1231929192,48.41,-123.32,1972,2019,1994,2019,1973,2019,1972,2007,0,0,0,0,1,0
25,VICTORIA HARBOUR A,10944,482522000,-1232315000,48.42,-123.39,1994,2015,1994,2015,0,0,0,0,0,1,0,1,0,1
26,WILLIAM HEAD,129,482023000,-1233219000,48.34,-123.54,1959,2018,0,0,1959,2018,1959,2007,0,0,0,0,0,0
27,BALLENAS ISLAND,138,492101000,-1240937000,49.35,-124.16,1966,2019,1994,2019,1966,2019,1967,2007,0,0,0,0,1,0
28,BLACK CREEK SE,45507,494812000,-1250541080,49.8,-125.09,2006,2016,0,0,2006,2016,2006,2007,1,0,1,0,1,0
29,CAMPBELL RIVER A,145,495707000,-1251623000,49.95,-125.27,1965,2019,1979,2013,1965,2019,1965,2007,0,0,0,0,0,0
30,CAMPBELL RIVER SURFSIDE,150,495642000,-1251227000,49.95,-125.21,1981,2015,0,0,1981,2015,1981,2007,1,0,0,0,0,0
31,CAPE MUDGE,152,495954500,-1251143700,50,-125.2,1978,2019,1994,2001,1978,2019,1978,2007,0,0,0,0,0,0
32,CHATHAM POINT,153,501959500,-1252644000,50.33,-125.45,1958,2019,1994,2001,1958,2019,1958,2007,1,0,1,0,1,0
33,COMOX A,155,494300000,-1245400000,49.72,-124.9,1944,2019,1953,2019,1944,2019,1944,2017,0,0,0,0,0,0
34,CORTES ISLAND TIBER BAY,160,500417000,-1245658000,50.07,-124.95,1960,2019,0,0,1960,2019,1960,2007,0,0,0,0,0,0
35,COURTENAY GRANTHAM,161,494547007,-1245957003,49.76,-125,1960,2018,0,0,1960,2018,1960,2007,0,0,0,0,0,0
36,COURTENAY PUNTLEDGE,162,494111190,-1250157963,49.69,-125.03,1984,2019,0,0,1984,2019,1984,2007,0,0,0,0,0,0
37,ENTRANCE ISLAND,29411,491231195,-1234838001,49.21,-123.81,1992,2019,1994,2019,1992,2019,1992,2006,0,0,0,0,1,0
38,FANNY ISLAND,29733,502712663,-1255934425,50.45,-125.99,2000,2019,2000,2019,2000,2019,2000,2007,0,0,0,0,1,0
39,GABRIOLA ISLAND,172,490914000,-1234401000,49.15,-123.73,1967,2017,0,0,1967,2017,1967,2007,0,0,0,0,0,0
40,HERIOT BAY SE,173,500557964,-1251212190,50.1,-125.2,1984,2019,0,0,1984,2019,1984,2007,0,0,0,0,0,0
41,LITTLE QUALICUM HATCHERY,181,492110000,-1243044000,49.35,-124.51,1981,2019,0,0,1981,2019,1981,2007,0,0,0,0,0,0
42,MUD BAY,187,492815000,-1244739000,49.47,-124.79,1971,2015,0,0,1971,2015,1971,2007,0,0,0,0,0,0
43,MYRA CREEK,188,493432020,-1253621010,49.58,-125.61,1979,2015,0,0,1979,2015,1979,2007,0,0,0,0,0,0
44,NANAIMO A,192,490316000,-1235212000,49.05,-123.87,1947,2016,1954,2013,1947,2016,1947,2007,0,0,0,0,0,0
45,NANAIMO CITY YARD,189,491156932,-1235916262,49.2,-123.99,1981,2019,0,0,1981,2019,1981,2007,1,0,0,0,0,0
46,PINE ISLAND,200,505833010,-1274341040,50.98,-127.73,1984,2018,1994,2001,1984,2018,1984,2007,0,0,0,0,0,0
47,QUALICUM BEACH AIRPORT,45627,492014000,-1242338000,49.34,-124.39,2006,2019,2006,2019,2006,2019,2006,2006,0,0,1,0,0,0
48,QUALICUM R FISH RESEARCH,208,492337620,-1243702054,49.39,-124.62,1962,2018,0,0,1962,2018,1962,2007,0,0,0,0,0,0
49,QUINSAM RIVER HATCHERY,209,500058000,-1251814000,50.02,-125.3,1975,2019,0,0,1975,2019,1975,2007,0,0,0,0,0,0
50,SISTERS ISLAND,6813,492911800,-1242605800,49.49,-124.43,1992,2019,1995,2019,1992,2019,1992,2004,0,0,1,0,1,0
51,ENTRANCE ISLAND,132,491232080,-1234832010,49.21,-123.81,1987,2019,0,0,1987,2019,1987,2007,0,0,0,0,0,0
52,ALBERNI ROBERTSON CREEK,225,492014010,-1245855090,49.34,-124.98,1961,2019,0,0,1961,2019,1961,2007,0,0,0,0,0,0
53,CAPE BEALE LIGHT,235,484710000,-1251258000,48.79,-125.22,1984,2019,0,0,1984,2019,1984,2007,0,0,0,0,0,0
54,CAPE SCOTT,237,504656040,-1282538020,50.78,-128.43,1965,2016,1966,2001,1965,2016,1965,2007,1,0,1,0,1,0
55,CARMANAH POINT,239,483642000,-1244505000,48.61,-124.75,1968,2016,0,0,1968,2016,1968,2007,1,0,0,0,0,0
56,CONUMA RIVER HATCHERY,242,494801020,-1262505070,49.8,-126.42,1989,2018,0,0,1989,2018,1989,2007,1,0,0,0,0,0
57,ESTEVAN POINT,244,492259914,-1263235193,49.38,-126.54,1908,2019,1953,1979,1908,2019,1908,2007,0,0,0,0,0,0
58,ESTEVAN POINT CS,8040,492259914,-1263235193,49.38,-126.54,1993,2019,1994,2019,1993,2019,1997,2007,0,0,0,0,1,0
59,GOLD RIVER TOWNSITE,246,494644002,-1260318000,49.78,-126.06,1966,2016,0,0,1966,2016,1966,2007,0,0,0,0,0,0
60,LENNARD ISLAND,257,490638000,-1255524000,49.11,-125.92,1980,2019,0,0,1980,2019,1980,2007,0,0,0,0,0,0
61,NITINAT RIVER HATCHERY,260,485134000,-1243919000,48.86,-124.66,1981,2019,0,0,1981,2019,1981,2007,0,0,0,0,0,0
62,NOOTKA LIGHTSTATION,261,493600000,-1263700000,49.6,-126.62,1978,2019,1994,2001,1978,2019,1978,2007,0,0,0,0,0,0
63,PACHENA POINT,262,484322000,-1250550000,48.72,-125.1,1924,2019,1953,1958,1924,2019,1924,2007,0,0,0,0,0,0
64,PORT ALBERNI COX LAKE,266,491206002,-1244506005,49.2,-124.75,1987,2019,0,0,1987,2019,1987,2007,0,0,0,0,0,0
65,PORT ALICE,269,502309010,-1272719030,50.39,-127.46,1924,2015,0,0,1924,2015,1924,2007,0,0,0,0,0,0
66,QUATSINO,271,503201010,-1273912009,50.53,-127.65,1895,2018,0,0,1895,2018,1895,2007,0,0,0,0,0,0
67,QUATSINO LIGHTSTATION,272,502628000,-1280157000,50.44,-128.03,1978,2019,1994,2001,1978,2019,1978,2007,0,0,0,0,0,0
68,PORT ALBERNI (AUT),8045,491859700,-1245536600,49.32,-124.93,1992,2019,1994,2019,1992,2019,2002,2007,0,0,0,0,1,0
69,SARTINE ISLAND (AUT),8261,504916000,-1285429000,50.82,-128.91,1994,2019,1994,2019,1994,2019,2005,2007,0,0,0,0,1,0
70,SOLANDER ISLAND (AUT),8260,500641436,-1275623999,50.11,-127.94,1994,2019,1994,2019,1994,2019,2007,2007,0,0,0,0,1,0
71,TAHSIS VILLAGE NORTH,276,495555050,-1263914000,49.93,-126.65,1989,2019,0,0,1989,2019,1989,2007,0,0,1,0,1,0
72,TOFINO A,277,490456000,-1254621020,49.08,-125.77,1942,2019,1960,2014,1942,2019,1942,2007,0,0,0,0,0,0
73,UCLUELET KENNEDY CAMP,283,485643020,-1253138050,48.95,-125.53,1964,2019,0,0,1964,2019,1964,2007,0,0,0,0,0,0
74,ZEBALLOS MURAUDE CREEK,48888,500310600,-1264643300,50.05,-126.78,2010,2019,0,0,2010,2019,0,0,0,1,0,1,0,1
75,BOWEN ISLAND SUNSET PARK,6816,492135668,-1232406008,49.36,-123.4,1992,2019,0,0,1992,2019,1992,2007,1,0,1,0,1,0
76,GIBSONS GOWER POINT,309,492308090,-1233229000,49.39,-123.54,1961,2019,0,0,1961,2019,1961,2007,0,0,0,0,0,0
77,GRIEF POINT,27449,494816600,-1243130800,49.8,-124.53,1997,2019,1997,2019,2018,2019,0,0,1,1,1,1,1,1
78,MERRY ISLAND LIGHTSTATION,320,492803030,-1235445040,49.47,-123.91,1954,2019,1954,2001,1957,2019,1957,2007,0,0,0,0,0,0
79,HOWE SOUND - PAM ROCKS,6817,492916009,-1231758030,49.49,-123.3,1991,2019,1994,2019,1991,2019,1991,2007,0,0,0,0,1,0
80,PENDER HARBOUR,323,493804000,-1240156000,49.63,-124.03,1961,2019,0,0,1961,2019,1961,2007,1,0,0,0,0,0
81,PORT MELLON,45267,493134700,-1232946500,49.53,-123.5,2006,2019,2006,2019,2006,2019,2006,2007,0,0,0,0,1,0
82,POWELL RIVER A,327,495003010,-1243001000,49.83,-124.5,1954,2019,1982,2013,1954,2019,1954,2007,0,0,0,0,0,0
83,POWELL RIVER,45807,495004400,-1242948500,49.83,-124.5,2007,2019,2007,2019,2007,2019,0,0,0,1,0,1,1,1
84,SECHELT AUT,45788,492728788,-1234254945,49.46,-123.72,2007,2019,2007,2019,2007,2019,0,0,0,1,0,1,1,1
85,SQUAMISH AIRPORT,336,494659550,-1230940300,49.78,-123.16,1982,2019,1982,2019,1982,2019,1982,2007,0,0,0,0,1,0
86,WHISTLER,348,500744001,-1225717400,50.13,-122.95,1976,2019,1983,2014,1976,2019,1976,2007,0,0,0,0,0,0
87,CAPE ST JAMES,10901,515609000,-1310057000,51.94,-131.02,1992,2019,1993,2019,1992,2019,1994,2007,0,0,1,0,1,0
88,KINDAKUN ROCKS (AUT),8062,531856088,-1324619199,53.32,-132.77,1994,2019,1994,2019,1994,2019,2005,2005,0,0,0,0,1,0
89,LANGARA,358,541518648,-1330328799,54.26,-133.06,1936,2019,1954,2001,1936,2019,1936,2007,0,0,0,0,0,0
90,LANGARA ISLAND RCS,6819,541519397,-1330330557,54.26,-133.06,1992,2018,1994,2018,1992,2018,1992,2007,0,0,0,0,1,0
91,MASSET A,361,540000000,-1321000000,54,-132.17,1944,2016,0,0,1944,2016,1944,1949,0,0,0,0,0,0
92,ROSE SPIT (AUT),8064,540932904,-1313940773,54.16,-131.66,1994,2019,1994,2019,1994,2019,2004,2005,0,0,0,0,1,0
93,SANDSPIT A,367,531514000,-1314847000,53.25,-131.81,1945,2017,1953,2005,1945,2017,1945,2007,0,0,0,0,0,0
94,SANDSPIT,48648,531515000,-1314850000,53.25,-131.81,2010,2019,2010,2019,2010,2019,0,0,0,1,0,1,1,1
95,SEWALL MASSET INLET,351,534549200,-1321757000,53.76,-132.3,1974,2017,0,0,1974,2017,1974,2007,0,0,0,0,0,0
96,ADDENBROKE ISLAND,374,513612700,-1275149900,51.6,-127.86,1978,2019,1994,2001,1978,2019,1978,2007,0,0,0,0,0,0
97,BELLA COOLA A,381,522315000,-1263545000,52.39,-126.6,1983,2017,1983,2013,1983,2017,1983,2007,0,0,0,0,0,0
98,BOAT BLUFF,383,523835050,-1283126070,52.64,-128.52,1974,2019,1994,2001,1974,2019,1974,2007,0,0,0,0,0,0
99,BONILLA ISLAND,384,532933900,-1303815700,53.49,-130.64,1960,2019,1994,2001,1960,2019,1960,2007,0,0,0,0,0,0
100,BONILLA ISLAND (AUT),8265,532934259,-1303820400,53.49,-130.64,1994,2019,1994,2019,1994,2019,2002,2007,0,0,0,0,1,0
101,CATHEDRAL POINT (AUT),8264,521114830,-1272816180,52.19,-127.47,1994,2019,1994,2019,1994,2019,2002,2007,0,0,0,0,1,0
102,CUMSHEWA ISLAND,6822,530149476,-1313605599,53.03,-131.6,1992,2019,1994,2019,1992,2019,1993,2007,0,0,1,0,1,0
103,DRYAD POINT,387,521106002,-1280644008,52.19,-128.11,1977,2019,1994,2001,1977,2019,1977,2007,0,0,0,0,0,0
104,EGG ISLAND,389,511450000,-1275007300,51.25,-127.84,1965,2019,1969,2001,1965,2019,1965,2007,0,0,0,0,0,0
105,GREEN ISLAND,393,543407020,-1304229020,54.57,-130.71,1970,2019,1970,2001,1978,2019,1978,2007,0,0,0,0,0,0
106,GREY ISLET (AUT),8258,543449152,-1304152080,54.58,-130.7,1994,2019,1994,2019,1994,2019,2005,2007,0,0,0,0,1,0
107,HERBERT ISLAND (AUT),8259,505623140,-1273755380,50.94,-127.63,1994,2019,1994,2019,1994,2019,2005,2007,0,0,0,0,1,0
108,HOLLAND ROCK,6823,541020042,-1302139060,54.17,-130.36,1991,2019,1994,2019,1991,2019,1991,1997,0,0,0,0,1,0
109,IVORY ISLAND,395,521611040,-1282424030,52.27,-128.41,1948,2019,1994,2001,1948,2019,1948,2007,0,0,0,0,0,0
110,KEMANO,396,533347000,-1275634000,53.56,-127.94,1951,2019,0,0,1951,2019,1951,2007,0,0,0,0,0,0
111,KITIMAT TOWNSITE,402,540313000,-1283803000,54.05,-128.63,1954,2019,0,0,1954,2019,1954,2007,0,0,0,0,0,0
112,KITIMAT 2,403,540035000,-1284218000,54.01,-128.71,1966,2019,0,0,1966,2019,1966,2007,0,0,0,0,0,0
113,LUCY ISLAND LIGHTSTATION,6824,541745312,-1303632400,54.3,-130.61,1991,2019,1994,2019,1991,2019,1991,2000,0,0,1,0,1,0
114,MCINNES ISLAND,409,521542000,-1284310000,52.26,-128.72,1954,2019,1955,2001,1954,2019,1954,2007,1,0,1,0,1,0
115,PRINCE RUPERT,48693,541710000,-1302641000,54.29,-130.44,2010,2019,2010,2019,2010,2019,0,0,0,1,0,1,1,1
116,PRINCE RUPERT MONT CIRC,424,541913000,-1301724000,54.32,-130.29,1959,2019,0,0,1959,2019,1959,2004,1,0,0,0,0,0
117,STEWART A,434,555610000,-1295906000,55.94,-129.99,1974,2016,1974,2015,1974,2016,1975,2007,0,0,0,0,0,0
118,TERRACE PCC,442,543007000,-1283729000,54.5,-128.62,1968,2019,0,0,1968,2019,1968,2007,0,0,0,0,0,0
119,TRIPLE ISLAND,446,541740800,-1305249100,54.29,-130.88,1953,2019,1953,2001,1989,2019,1989,2007,0,0,0,0,0,0
120,KITIMAT HATCHERY,27121,540237000,-1284056000,54.04,-128.68,1995,2019,0,0,1995,2019,1995,2007,1,0,1,0,1,0
121,EQUITY SILVER,461,541155000,-1261635700,54.2,-126.28,1981,2019,0,0,1981,2019,1981,2007,0,0,0,0,0,0
122,HOUSTON,470,542347000,-1264004000,54.4,-126.67,1957,2019,0,0,1957,2019,1957,2007,0,0,0,0,0,0
123,NASS CAMP,482,551415000,-1290147004,55.24,-129.03,1973,2017,0,0,1973,2017,1973,2007,0,0,0,0,0,0
124,SMITHERS,48628,544931000,-1271058000,54.83,-127.18,2010,2019,2010,2019,2010,2019,0,0,0,1,0,1,1,1
125,SMITHERS A,487,544929000,-1271058000,54.82,-127.18,1942,2018,1953,2012,1942,2018,1942,2010,0,0,0,0,0,0
126,TOPLEY LANDING,496,544857000,-1260947000,54.82,-126.16,1962,2017,0,0,1962,2017,1962,2007,1,0,1,0,1,0
127,SUSKWA VALLEY,450,551719000,-1271014000,55.29,-127.17,1982,2019,0,0,1982,2019,1982,2007,0,0,0,0,0,0
128,OOTSA L SKINS L SPILLWAY,535,534619800,-1255947600,53.77,-126,1956,2017,0,0,1956,2017,1956,2007,0,0,1,0,1,0
129,OOTSA LAKESKINS LAKE CLIMATE,43963,534618800,-1255948190,53.77,-126,2005,2019,2005,2019,2005,2019,2006,2007,0,0,0,0,1,0
130,PEMBERTON AIRPORT (WIND),46747,501808000,-1224417000,50.3,-122.74,2007,2019,2007,2019,2018,2019,0,0,0,1,1,1,1,1
131,PEMBERTON AIRPORT CS,536,501820326,-1224402720,50.31,-122.73,1984,2019,1988,2019,1984,2019,1984,2006,0,0,0,0,1,0
132,PUNTZI MOUNTAIN (AUT),8092,520652000,-1240808000,52.11,-124.14,1993,2019,1994,2019,1993,2019,2005,2006,0,0,0,0,1,0
133,TATLAYOKO LAKE RCS,30494,514028400,-1242411300,51.67,-124.4,2000,2019,2000,2019,2000,2019,2004,2007,0,0,0,0,1,0
134,BARKERVILLE,568,530409000,-1213053000,53.07,-121.51,1888,2015,0,0,1888,2015,1888,2007,0,0,0,0,0,0
135,BURNS LAKE DECKER LAKE,574,542259400,-1255731200,54.38,-125.96,1990,2019,1990,2019,1990,2019,1990,2006,0,0,0,0,1,0
136,CRESCENT SPUR,26989,533600000,-1204200000,53.6,-120.7,1994,2016,0,0,1994,2016,1994,2007,0,0,0,0,0,0
137,FORT ST JAMES,588,542719009,-1241708002,54.46,-124.29,1895,2019,0,0,1895,2019,1895,2007,0,0,0,0,0,0
138,HIXON,592,533153001,-1224158006,53.53,-122.7,1970,2017,0,0,1970,2017,1970,2007,0,0,0,0,0,0
139,HORSEFLY LAKE GRUHS LAKE,596,522145000,-1212151000,52.36,-121.36,1950,2016,0,0,1950,2016,1950,2007,0,0,0,0,0,0
140,MCLEESE LAKE FRASERVIEW,616,522247050,-1222225010,52.38,-122.37,1980,2016,0,0,1980,2016,1980,2007,0,0,0,0,0,0
141,MCLEESE LAKE GRANITE MT,617,523150009,-1221709008,52.53,-122.29,1972,2019,0,0,1972,2019,1972,2007,0,0,0,0,0,0
142,PRINCE GEORGE,48370,535303000,-1224039000,53.88,-122.68,2009,2019,2009,2019,2009,2019,0,0,0,1,0,1,1,1
143,PRINCE GEORGE AIRPORT AUTO,48248,535320000,-1224019002,53.89,-122.67,2009,2019,2009,2019,2009,2019,0,0,0,1,0,1,1,1
144,PRINCE GEORGE STP,636,535248000,-1224603000,53.88,-122.77,1975,2019,0,0,1975,2019,1975,2007,0,0,0,0,0,0
145,QUESNEL,48688,530134000,-1223037000,53.03,-122.51,2010,2019,2010,2019,2010,2019,0,0,0,1,0,1,1,1
146,QUESNEL AIRPORT AUTO,48108,530136008,-1223023007,53.03,-122.51,2009,2019,2009,2019,2009,2019,0,0,0,1,0,1,1,1
147,SPOKIN LAKE 4E,650,521101014,-1214110039,52.18,-121.69,1983,2019,0,0,1983,2019,1983,2007,0,0,0,0,0,0
148,VANDERHOOF,655,540200000,-1240100000,54.03,-124.02,1980,2019,0,0,1980,2019,1980,2007,0,0,0,0,0,0
149,108 MILE HOUSE ABEL LAKE,559,513724031,-1211546069,51.62,-121.26,1987,2019,0,0,1987,2019,1987,2007,0,0,0,0,0,0
150,AGASSIZ RCS,706,491435000,-1214537000,49.24,-121.76,1988,2019,1994,2019,1988,2019,1988,2006,0,0,0,0,1,0
151,AGASSIZ CDA,707,491435000,-1214537000,49.24,-121.76,1889,2019,0,0,1889,2019,1889,2007,0,0,0,0,0,0
152,WHISTLER - NESTERS,43443,500744200,-1225716600,50.13,-122.95,2005,2019,2005,2019,2005,2019,2005,2007,0,0,0,0,1,0
153,BLACKCOMB BASE SLIDING CENTER,45787,500608900,-1225610900,50.1,-122.94,2007,2018,2007,2018,2007,2018,0,0,0,1,0,1,1,1
154,BURNABY SIMON FRASER U,731,491642200,-1225504960,49.28,-122.92,1965,2019,0,0,1965,2019,1965,2007,0,0,0,0,0,0
155,CALLAGHAN VALLEY,43500,500838059,-1230638010,50.14,-123.11,2005,2019,2005,2019,2005,2019,2005,2007,0,0,0,0,1,0
156,CLOVERDALE EAST,747,490632950,-1224151350,49.11,-122.7,1964,2019,0,0,1964,2019,1964,2007,0,0,0,0,0,0
157,COQUITLAM COMO LAKE AVE,750,491610020,-1225156010,49.27,-122.87,1972,2016,0,0,1972,2016,1973,2007,1,0,0,0,0,0
158,CHILLIWACK R HATCHERY,716,490448008,-1214215002,49.08,-121.7,1961,2016,0,0,1961,2016,1961,2007,0,0,0,0,0,0
159,DELTA BURNS BOG,49088,490733053,-1230008085,49.13,-123,2010,2019,2010,2019,2011,2019,0,0,0,1,0,1,1,1
160,DELTA TSAWWASSEN BEACH,766,490039400,-1230536000,49.01,-123.09,1971,2019,0,0,1971,2019,1971,2007,0,0,0,0,0,0
161,FORT LANGLEY TELEGRAPH TRAIL,43723,490840800,-1223303600,49.14,-122.55,2005,2019,0,0,2005,2019,2005,2007,0,0,0,0,0,0
162,HANEY UBC RF ADMIN,776,491552100,-1223423400,49.26,-122.57,1961,2019,0,0,1961,2019,1961,2007,0,0,0,0,0,0
163,LAIDLAW,794,492123000,-1213446070,49.36,-121.58,1977,2017,0,0,1977,2017,1977,2007,0,0,0,0,0,0
164,MAPLE RIDGE KANAKA CREEK,787,491240000,-1223024000,49.21,-122.51,1986,2018,0,0,1986,2018,1986,2007,1,0,1,0,1,0
165,MISSION WEST ABBEY,810,490909002,-1221614001,49.15,-122.27,1962,2019,0,0,1962,2019,1962,2007,0,0,0,0,0,0
166,RICHMOND OPERATIONS CENTRE,48448,491054840,-1230441160,49.18,-123.08,2010,2018,2010,2018,2010,2018,0,0,1,1,0,1,1,1
167,N VANC GROUSE MTN RESORT,823,492252002,-1230442004,49.38,-123.08,1971,2019,0,0,1971,2019,1971,2007,0,0,0,0,0,0
168,N VANCOUVER WHARVES,833,491853220,-1230655000,49.31,-123.12,1962,2019,0,0,1962,2019,1962,2007,1,0,0,0,0,0
169,PITT MEADOWS CS,6830,491229964,-1224124076,49.21,-122.69,1993,2019,1994,2019,1993,2019,1993,2007,0,0,0,0,1,0
170,POINT ATKINSON,844,491949300,-1231553000,49.33,-123.26,1968,2019,1996,2019,1968,2019,1968,2001,0,0,0,0,1,0
171,RICHMOND DALLYN 2,853,491043000,-1230513000,49.18,-123.09,1963,2019,0,0,1963,2019,1963,2007,1,0,0,0,0,0
172,PORT MOODY GLENAYRE,834,491645000,-1225253000,49.28,-122.88,1970,2019,0,0,1970,2019,1970,2007,1,0,1,0,1,0
173,RICHMOND NATURE PARK,837,491015000,-1230535000,49.17,-123.09,1977,2019,0,0,1977,2019,1977,2007,0,0,0,0,0,0
174,SANDHEADS CS,6831,490621225,-1231812123,49.11,-123.3,1991,2019,1994,2019,1991,2019,1991,1999,0,0,1,0,1,0
175,SUMAS CANAL,870,490648008,-1220635004,49.11,-122.11,1957,2019,0,0,1957,2019,1957,2007,1,0,1,0,1,0
176,VANCOUVER HARBOUR CS,888,491743270,-1230718730,49.3,-123.12,1925,2019,1976,2019,1925,2019,1925,2007,0,0,0,0,1,0
177,WEST VANCOUVER AUT,6833,492049350,-1231135910,49.35,-123.19,1992,2019,1994,2019,1992,2019,1992,2007,0,0,0,0,1,0
178,WHISTLER ROUNDHOUSE,924,500404000,-1225650000,50.07,-122.95,1972,2019,0,0,1972,2019,1973,2007,0,0,0,0,0,0
179,WHITE ROCK CAMPBELL SCIENTIFIC,925,490105000,-1224702000,49.02,-122.78,1929,2019,1994,2019,1929,2019,1929,2007,0,0,0,0,1,0
180,N VAN SEYMOUR HATCHERY,698,492615066,-1225801007,49.44,-122.97,1981,2018,0,0,1981,2018,1981,2007,0,0,0,0,0,0
181,HOPE SLIDE,951,491600000,-1211400000,49.27,-121.23,1969,2019,1969,2014,1975,2019,1975,2007,0,0,0,0,0,0
182,LILLOOET,27388,504101420,-1215602945,50.68,-121.93,1997,2019,1997,2019,1997,2019,1997,2005,0,0,1,0,1,0
183,LYTTON 2,966,501525000,-1213628000,50.26,-121.61,1917,2015,0,0,1917,2015,1917,2007,1,0,1,0,1,0
184,LYTTON RCS,44927,501328000,-1213455000,50.22,-121.58,2006,2019,2006,2019,2006,2019,2006,2006,0,0,0,0,1,0
185,HEDLEY N,46027,492149400,-1200408200,49.36,-120.07,2007,2017,0,0,2007,2017,0,0,0,1,0,1,0,1
186,HEDLEY NP MINE,996,492210020,-1200118070,49.37,-120.02,1904,2015,0,0,1904,2015,1904,2007,0,0,0,0,0,0
187,JELLICOE,27122,494022000,-1201958000,49.67,-120.33,1995,2019,0,0,1995,2019,1995,2007,0,0,0,0,0,0
188,KELOWNA,48369,495726000,-1192240000,49.96,-119.38,2009,2019,2009,2019,2009,2019,0,0,0,1,0,1,1,1
189,KELOWNA MWS0,10976,495700000,-1192400000,49.95,-119.4,1994,2017,0,0,1994,2017,1994,2007,0,0,0,0,0,0
190,MERRITT STP,1022,500651004,-1204803005,50.11,-120.8,1968,2019,0,0,1968,2019,1968,2007,0,0,0,0,0,0
191,OKANAGAN CENTRE,1032,500322100,-1192642400,50.06,-119.45,1925,2019,0,0,1925,2019,1925,2007,0,0,0,0,0,0
192,OLIVER STP,1039,491044500,-1193240900,49.18,-119.54,1924,2019,0,0,1924,2019,1924,2007,0,0,0,0,0,0
193,OSOYOOS CS,1041,490141850,-1192627570,49.03,-119.44,1990,2019,1994,2019,1990,2019,1990,2006,0,0,0,0,1,0
194,PEACHLAND,1046,494700000,-1194300000,49.78,-119.72,1971,2019,0,0,1971,2019,1971,2007,0,0,0,0,0,0
195,PRINCETON A,1056,492804000,-1203045000,49.47,-120.51,1936,2019,1953,2013,1936,2019,1937,2007,0,0,0,0,0,0
196,VERNON BELLA VISTA,1066,501551300,-1191836300,50.26,-119.31,1984,2017,0,0,1984,2017,1985,2007,0,0,0,0,0,0
197,VERNON AUTO,46987,501323900,-1191136700,50.22,-119.19,2005,2019,2007,2019,2005,2019,0,0,0,1,0,1,1,1
198,VERNON NORTH,1069,502039600,-1191617000,50.34,-119.27,1990,2018,0,0,1990,2018,1990,2007,0,0,0,0,0,0
199,VERNON SILVER STAR LODGE,1070,502132500,-1190322300,50.36,-119.06,1970,2019,0,0,1970,2019,1970,2007,0,0,0,0,0,0
200,WINFIELD,1074,500211600,-1192458600,50.04,-119.42,1971,2016,0,0,1971,2016,1971,2007,0,0,0,0,0,0
201,PRINCETON CS,6834,492754000,-1203036000,49.47,-120.51,1992,2019,1994,2019,1992,2019,1993,2006,0,0,0,0,1,0
202,SUMMERLAND CS,979,493345200,-1193855300,49.56,-119.65,1990,2019,1994,2019,1990,2019,1990,2006,0,0,0,0,1,0
203,MIDWAY,1091,490013264,-1184618507,49,-118.77,1987,2019,0,0,1987,2019,1987,2007,0,0,0,0,0,0
204,BILLINGS,1100,490100600,-1181342300,49.02,-118.23,1984,2019,0,0,1984,2019,1984,2007,0,0,0,0,0,0
205,CASTLEGAR A,1105,491747000,-1173757000,49.3,-117.63,1954,2019,1954,2013,1965,2019,1966,2007,0,0,0,0,0,0
206,CASTLEGAR BCHPA DAM,1106,492036220,-1174627040,49.34,-117.77,1969,2019,0,0,1969,2019,1969,2007,0,0,0,0,0,0
207,CRESTON,1111,490549400,-1163104200,49.1,-116.52,1912,2017,0,0,1912,2017,1912,2007,0,0,0,0,0,0
208,DUNCAN LAKE DAM,1115,501419200,-1165817500,50.24,-116.97,1963,2019,0,0,1963,2019,1963,2007,0,0,0,0,0,0
209,FAUQUIER,1117,495219000,-1180403000,49.87,-118.07,1913,2017,0,0,1913,2017,1913,2007,0,0,0,0,0,0
210,KASLO,1124,495445700,-1165514300,49.91,-116.92,1894,2018,0,0,1894,2018,1894,2007,0,0,0,0,0,0
211,LISTER,1130,490155100,-1162727800,49.03,-116.46,1956,2017,0,0,1956,2017,1956,2007,0,0,0,0,0,0
212,NAKUSP CS,6840,501609930,-1174901540,50.27,-117.82,1991,2019,1994,2019,1991,2019,1991,2006,0,0,0,0,1,0
213,NELSON NE,1137,493510000,-1171223000,49.59,-117.21,1983,2019,0,0,1983,2019,1983,2007,0,0,0,0,0,0
214,NEW DENVER,1142,495945006,-1172213026,50,-117.37,1924,2019,0,0,1924,2019,1924,2007,0,0,0,0,0,0
215,NELSON CS,6839,492929000,-1171819000,49.49,-117.31,1992,2019,1994,2019,1992,2019,1992,2006,0,0,0,0,1,0
216,WARFIELD RCS,31067,490643000,-1174420000,49.11,-117.74,2001,2019,2001,2019,2001,2019,2002,2007,0,0,0,0,1,0
217,CRESTON CAMPBELL SCIENTIFIC,6838,490454082,-1163002449,49.08,-116.5,1993,2019,1994,2019,1993,2019,1993,2006,0,0,0,0,1,0
218,NELSON RIXEN CREEK,1095,493044400,-1172355700,49.51,-117.4,1990,2019,0,0,1990,2019,1990,2007,0,0,0,0,0,0
219,BAYNES LAKE KOOTENAY RIVER,1167,491333700,-1151313800,49.23,-115.22,1986,2017,0,0,1986,2017,1986,2007,0,0,0,0,0,0
220,FERNIE,1180,492919400,-1150423900,49.49,-115.07,1913,2019,0,0,1913,2019,1913,2007,0,0,0,0,0,0
221,FORDING RIVER COMINCO,1184,500855000,-1145118000,50.15,-114.86,1970,2017,0,0,1970,2017,1970,2007,1,0,1,0,1,0
222,FT STEELE DANDY CRK,1186,493126100,-1152738100,49.52,-115.46,1968,2019,0,0,1968,2019,1968,2007,0,0,0,0,0,0
223,KIMBERLEY PCC,1194,493753700,-1155744200,49.63,-115.96,1975,2019,0,0,1975,2019,1975,2007,0,0,0,0,0,0
224,KOOTENAY NP WEST GATE,1199,503750900,-1160341000,50.63,-116.06,1968,2019,0,0,1968,2019,1968,2007,0,0,0,0,0,0
225,SPARWOOD,1207,494443000,-1145258000,49.75,-114.88,1980,2019,1980,2014,1980,2019,1980,2007,0,0,0,0,0,0
226,SPARWOOD CS,6842,494442000,-1145302040,49.75,-114.88,1992,2019,1994,2019,1992,2019,1993,2006,0,0,1,0,1,0
227,WARDNER KTNY HATCHERY,1209,492823400,-1152734300,49.47,-115.46,1971,2016,0,0,1971,2016,1971,2007,1,0,1,0,0,0
228,WASA,1210,494826300,-1153750800,49.81,-115.63,1924,2017,0,0,1924,2017,1924,2007,0,0,0,0,0,0
229,ASHCROFT,48708,504230005,-1211653001,50.71,-121.28,2010,2019,2010,2019,2010,2019,0,0,0,1,0,1,1,1
230,BLUE RIVER A,1237,520744500,-1191722300,52.13,-119.29,1969,2019,1969,2015,1969,2019,1969,2007,0,0,0,0,0,0
231,BLUE RIVER CS,8214,520744400,-1191723700,52.13,-119.29,1992,2019,1993,2019,1992,2019,1997,2006,0,0,0,0,1,0
232,BUFFALO LAKE,1243,514231079,-1210457072,51.71,-121.08,1962,2016,0,0,1962,2016,1962,2007,0,0,0,0,0,0
233,CLINTON (AUT),1255,510841000,-1213017000,51.14,-121.5,1972,2018,1994,2018,1973,2015,1972,2007,0,0,0,0,1,0
234,CRISS CREEK,1256,510147000,-1204342000,51.03,-120.73,1988,2019,0,0,1988,2019,1988,2007,0,0,0,0,0,0
235,DARFIELD,1257,511730300,-1201057100,51.29,-120.18,1956,2018,0,0,1956,2018,1956,2007,0,0,0,0,0,0
236,KAMLOOPS AUT,42203,504208000,-1202631000,50.7,-120.44,2006,2019,2006,2019,2006,2019,2006,2006,0,0,0,0,1,0
237,100 MILE HOUSE 6NE,1309,514053000,-1211301000,51.68,-121.22,1987,2019,0,0,1987,2019,1987,2007,0,0,0,0,0,0
238,RED LAKE,1313,505606000,-1204800000,50.94,-120.8,1974,2019,0,0,1974,2019,1974,2007,0,0,0,0,0,0
239,SALMON ARM A,1311,504108008,-1191401009,50.69,-119.23,1982,2017,0,0,1982,2017,1982,2007,0,0,0,0,0,0
240,SILVER CREEK,1327,503242700,-1192100100,50.55,-119.35,1989,2019,0,0,1989,2019,1989,2007,0,0,0,0,0,0
241,SUN PEAKS MOUNTAIN,1338,505410844,-1195440813,50.9,-119.91,1980,2019,0,0,1980,2019,1981,2007,1,0,1,0,1,0
242,VAVENBY,1340,513434000,-1194641000,51.58,-119.78,1913,2019,0,0,1913,2019,1913,2007,0,0,0,0,0,0
243,KAMLOOPS PRATT ROAD,1216,503746600,-1201019200,50.63,-120.17,1986,2019,0,0,1986,2019,1986,2007,0,0,0,0,0,0
244,SALMON ARM CS,6843,504210800,-1191726440,50.7,-119.29,1991,2019,1994,2019,1991,2019,1991,2006,0,0,0,0,1,0
245,SUN PEAKS LOWER,11006,505313451,-1195259137,50.89,-119.88,1994,2019,0,0,1994,2019,1994,2007,1,0,1,0,1,0
246,SUN PEAKS UPPER,11005,505407500,-1195506000,50.9,-119.92,1994,2019,0,0,1994,2019,1994,2007,1,0,1,0,1,0
247,CARIBOO LODGE,1355,524310091,-1192818297,52.72,-119.47,1975,2016,0,0,1975,2016,1975,2007,1,0,1,0,1,0
248,GOLDEN A,1364,511757000,-1165856000,51.3,-116.98,1902,2019,1991,2014,1902,2019,1902,2007,0,0,0,0,0,0
249,GOLDSTREAM RIVER,1365,513747000,-1182529000,51.63,-118.42,1982,2018,0,0,1982,2018,1982,2007,0,0,0,0,0,0
250,MICA DAM,1367,520311000,-1183507000,52.05,-118.59,1951,2019,0,0,1951,2019,1951,2007,0,0,0,0,0,0
251,REVELSTOKE COLUMBIA PARK,46147,510042000,-1181328000,51.01,-118.22,2007,2015,0,0,2007,2015,0,0,1,1,1,1,1,1
252,YOHO PARK,6844,512634400,-1162040400,51.44,-116.34,1992,2019,1994,2019,1992,2019,1993,2006,0,0,0,0,1,0
253,YOHO NP EMERALD LAKE,27094,512600000,-1163227900,51.43,-116.54,1995,2017,0,0,1995,2017,1995,2007,0,0,0,0,0,0
254,YOHO NP OHARA LAKE,1347,512122032,-1162013002,51.36,-116.34,1987,2019,0,0,1987,2019,1988,2007,1,0,1,0,1,0
255,CHARLIE LAKE,1398,561751600,-1210059400,56.3,-121.02,1988,2017,0,0,1988,2017,1988,2007,0,0,0,0,0,0
256,CHETWYND A,1400,554114000,-1213736000,55.69,-121.63,1982,2019,1982,2014,1982,2019,1982,2007,0,0,0,0,0,0
257,DAWSON CREEK A,48208,554432000,-1201059000,55.74,-120.18,2009,2019,2009,2019,2009,2019,0,0,0,1,0,1,1,1
258,MACKENZIE A,1423,551819000,-1230817000,55.31,-123.14,1971,2015,1971,2015,1971,2013,1971,2007,0,0,0,0,1,0
259,MACKENZIE,48870,551758000,-1230800000,55.3,-123.13,2010,2019,2010,2019,2010,2019,0,0,0,1,0,1,1,1
260,SIKANNI CHIEF,1440,571501008,-1224305001,57.25,-122.72,1990,2016,1994,2014,1990,2016,1990,2007,0,0,0,0,0,0
261,TAYLOR FLATS,1443,561000003,-1204116000,56.17,-120.69,1960,2015,0,0,1960,2015,1960,2007,1,0,0,0,0,0
262,FORT NELSON UA,8248,585029000,-1223422070,58.84,-122.57,1999,2017,0,0,1999,2017,1999,2007,0,0,0,0,0,0
263,TETSA RIVER,1464,583911056,-1241409052,58.65,-124.24,1982,2017,1994,2014,1982,2017,1982,2007,1,0,1,0,1,0
264,DEASE LAKE (AUT),6845,582533959,-1300130000,58.43,-130.03,1993,2019,1994,2019,1993,2019,1993,2007,0,0,0,0,1,0
265,ATLIN,1485,593400000,-1334200000,59.57,-133.7,1899,2019,0,0,1899,2019,1899,2007,0,0,0,0,0,0
266,PLEASANT CAMP,1504,592700000,-1362200000,59.45,-136.37,1974,2019,0,0,1974,2019,1974,2007,0,0,0,0,0,0
