,month,day,cluster_id,Max Temp (°C),Min Temp (°C),Mean Temp (°C),Total Rain (mm),Total Snow (cm),Total Precip (mm),Snow on Grnd (cm)
0,1,1,0,0.0,0.0,0.0,0.7799999892711682,0.0,0.7799999892711682,3.666666666666666
1,1,1,1,0.0,0.0,0.0,95.26666514078778,0.0,95.26666514078778,0.0
2,1,1,2,0.0,0.0,0.0,34.511904398600265,0.0,34.511904398600265,0.3273809552192686
3,1,2,0,0.0,0.0,0.0,22.595237970352173,0.08333333333333326,22.678571303685505,0.3273809552192688
4,1,2,1,0.0,0.0,0.0,0.5499999970197695,1.3125000000000004,1.8624999970197642,3.125
5,1,2,2,0.0,0.0,0.0,52.45000076293945,0.0,52.45000076293945,0.0
6,1,3,0,0.0,0.0,0.0,46.87142889840262,0.2857142857142857,47.157143184116904,0.14285714285714235
7,1,3,1,0.0,0.0,0.0,7.038311644033957,0.25,7.288311644033957,3.405844157392328
8,1,3,2,0.0,0.0,0.0,221.3999938964844,0.0,221.3999938964844,0.0
9,1,4,0,0.0,0.0,0.0,51.39999961853027,-5.551115123125783e-17,51.39999961853027,-2.220446049250313e-16
10,1,4,1,0.0,0.0,0.0,2.6842104886707503,0.7368421052631577,3.421052593933908,1.5263157894736838
11,1,4,2,0.0,0.0,0.0,23.028571319580077,0.0,23.028571319580077,0.7857142925262451
12,1,5,0,0.0,0.0,0.0,26.826428413391113,0.7,27.526428413391116,4.189285719394683
13,1,5,1,0.0,0.0,0.0,1.2749999761581385,1.2125000478699806,2.487500024028124,2.5624999999999996
14,1,5,2,0.0,0.0,0.0,57.624999046325684,0.75,58.374999046325684,0.5
15,1,6,0,0.0,0.0,0.0,25.07053542137146,0.699999988079071,25.770535469055176,0.9866071492433549
16,1,6,1,0.0,0.0,0.0,77.73999786376953,0.0,77.73999786376953,0.6000000000000001
17,1,6,2,0.0,0.0,0.0,1.217647065134603,0.4823529299567727,1.6999999950913853,2.7058823529411757
18,1,7,0,0.0,0.0,0.0,3.456249985843897,0.47499999403953547,3.931249961256981,2.8102678582072262
19,1,7,1,0.0,0.0,0.0,74.05999908447265,0.0,74.05999908447265,4.800000000000001
20,1,7,2,0.0,0.0,0.0,28.638095431857636,0.0,28.63809543185764,0.4365079402923586
21,1,8,0,0.0,0.0,0.0,88.05000305175781,0.0,88.0500030517578,0.0
22,1,8,1,0.0,0.0,0.0,10.733766122297808,0.35454545237801294,11.088311585513027,2.4967532483014203
23,1,8,2,0.0,0.0,0.0,44.91666666666667,0.0,44.916666666666664,0.8333333333333333
24,1,9,0,0.0,0.0,0.0,3.78333334790336,1.1111111111111114,4.894444459014467,2.277777777777778
25,1,9,1,0.0,0.0,0.0,82.35000228881836,0.0,82.35000228881836,0.0
26,1,9,2,0.0,0.0,0.0,29.494286155700685,-1.1102230246251565e-16,29.494286155700685,2.7928571462631226
27,1,10,0,0.0,0.0,0.0,5.172619003181657,0.41666666666666674,5.589285669848316,1.1220238109429679
28,1,10,1,0.0,0.0,0.0,121.80000305175781,0.0,121.8000030517578,0.0
29,1,10,2,0.0,0.0,0.0,61.58000030517578,0.0,61.58000030517578,5.6
30,1,11,0,0.0,0.0,0.0,19.91428556442261,-1.1102230246251565e-16,19.91428556442261,0.39285714626312274
31,1,11,1,0.0,0.0,0.0,55.4000015258789,0.0,55.4000015258789,4.0
32,1,11,2,0.0,0.0,0.0,3.147058809504788,0.9294117619009576,4.076470557381125,2.3529411764705888
33,1,12,0,0.0,0.0,0.0,42.30000019073486,0.0,42.30000019073486,1.25
34,1,12,1,0.0,0.0,0.0,1.5000000298023242,0.9411764705882354,2.441176500390556,0.7058823529411765
35,1,12,2,0.0,0.0,0.0,15.726984130011665,0.0,15.726984130011665,1.5476190514034696
36,1,13,0,0.0,0.0,0.0,1.7062500193715167,0.31250000000000006,2.0187500193715078,3.374999999999999
37,1,13,1,0.0,0.0,0.0,63.15999908447266,0.0,63.15999908447266,0.0
38,1,13,2,0.0,0.0,0.0,19.471428129408096,0.0,19.471428129408096,0.4365079402923586
39,1,14,0,0.0,0.0,0.0,2.531578932937819,0.15789473684210525,2.6894736697799324,0.8402255648060851
40,1,14,1,0.0,0.0,0.0,74.77999877929688,0.0,74.77999877929686,0.0
41,1,14,2,0.0,0.0,0.0,23.49047565460205,0.3333333333333333,23.823808987935383,0.6547619104385376
42,1,15,0,0.0,0.0,0.0,1.9454545290632703,0.04545454545454546,1.9909090745178162,0.8181818181818183
43,1,15,1,0.0,0.0,0.0,34.77499961853027,0.0,34.77499961853027,0.0
44,1,15,2,0.0,0.0,0.0,21.210713863372803,0.0,21.210713863372803,1.9821428656578064
45,1,16,0,0.0,0.0,0.0,2.657894747037634,0.08947368672019555,2.74736842120949,0.7368421052631576
46,1,16,1,0.0,0.0,0.0,78.3499984741211,0.0,78.3499984741211,0.0
47,1,16,2,0.0,0.0,0.0,28.260318120320637,0.0,28.26031812032064,0.4365079402923584
48,1,17,0,0.0,0.0,0.0,18.78253968556722,0.0,18.78253968556722,0.4365079402923585
49,1,17,1,0.0,0.0,0.0,50.29999923706055,0.0,50.29999923706055,0.0
50,1,17,2,0.0,0.0,0.0,1.0470588557860427,0.0,1.0470588557860427,2.2941176470588243
51,1,18,0,0.0,0.0,0.0,3.672222286462782,0.0,3.672222286462782,1.5000000000000004
52,1,18,1,0.0,0.0,0.0,125.4000015258789,0.0,125.4000015258789,0.0
53,1,18,2,0.0,0.0,0.0,25.45844130082564,0.0,25.45844130082564,1.2662337693301116
54,1,19,0,0.0,0.0,0.0,2.2476190562759104,0.0,2.2476190562759104,1.2857142857142858
55,1,19,1,0.0,0.0,0.0,93.0,0.0,93.0,0.0
56,1,19,2,0.0,0.0,0.0,26.655356407165527,0.0,26.655356407165527,1.2410714328289032
57,1,20,0,0.0,0.0,0.0,2.169565237086754,0.0521739151166833,2.221739141837409,2.173913043478261
58,1,20,1,0.0,0.0,0.0,20.828571319580075,0.3200000047683716,21.148571014404297,0.7857142925262453
59,1,20,2,0.0,0.0,0.0,42.10000038146973,0.0,42.10000038146973,0.0
60,1,21,0,0.0,0.0,0.0,0.8200000206629454,0.43999999364217107,1.260000014305115,3.133333333333333
61,1,21,1,0.0,0.0,0.0,86.5,0.0,86.5,0.0
62,1,21,2,0.0,0.0,0.0,21.843406383807846,0.0,21.843406383807842,0.4532967072266798
63,1,22,0,0.0,0.0,0.0,1.3133333335320216,0.8200000226497652,2.133333346247678,1.8666666666666663
64,1,22,1,0.0,0.0,0.0,24.362698131137424,0.0,24.362698131137424,0.6547619104385377
65,1,22,2,0.0,0.0,0.0,57.88333320617676,0.0,57.88333320617676,0.0
66,1,23,0,0.0,0.0,0.0,1.1823529189123825,0.0,1.1823529189123825,1.1176470588235294
67,1,23,1,0.0,0.0,0.0,63.68000030517578,0.0,63.68000030517578,-1.1102230246251565e-16
68,1,23,2,0.0,0.0,0.0,24.592857003211975,0.07500000298023222,24.66785705089569,1.3660714328289032
69,1,24,0,0.0,0.0,0.0,2.189473691739531,5.551115123125783e-17,2.1894736917395345,0.42105263157894735
70,1,24,1,0.0,0.0,0.0,64.78000183105468,0.0,64.78000183105469,0.2
71,1,24,2,0.0,0.0,0.0,25.553571065266922,0.833333333333333,26.386904398600258,0.3273809552192688
72,1,25,0,0.0,0.0,0.0,47.137500286102295,1.1102230246251565e-16,47.137500286102295,0.0
73,1,25,1,0.0,0.0,0.0,1.7999999761581478,0.13333333333333341,1.9333333094914789,2.0
74,1,25,2,0.0,0.0,0.0,15.23163264138358,3.2142857142857144,18.445918219430105,0.2806122473308017
75,1,26,0,0.0,0.0,0.0,29.515178680419922,1.3875000476837156,30.902678728103638,0.6205357164144516
76,1,26,1,0.0,0.0,0.0,2.9857143135297886,0.28571428571428575,3.2714285992440697,0.09523809523809523
77,1,26,2,0.0,0.0,0.0,65.0,0.0,65.0,0.0
78,1,27,0,0.0,0.0,0.0,29.18015840318468,0.3333333333333333,26.646825154622395,1.5515873034795127
79,1,27,1,0.0,0.0,0.0,224.0,0.0,224.0,0.0
80,1,27,2,0.0,0.0,0.0,3.721052608991915,0.02105263189265602,3.7421052408845874,1.6653345369377348e-16
81,1,28,0,0.0,0.0,0.0,6.03839282318949,0.5916666587193805,6.630059481908884,1.9568452388048174
82,1,28,1,0.0,0.0,0.0,81.58000030517577,0.0,81.58000030517579,0.0
83,1,28,2,0.0,0.0,0.0,224.0,0.0,224.0,0.0
84,1,29,0,0.0,0.0,0.0,60.11666679382324,0.0,60.116666793823235,0.3273809552192688
85,1,29,1,0.0,0.0,0.0,1.2764705787686719,0.6058823501362521,1.8823529499418523,2.8235294117647056
86,1,29,2,0.0,0.0,0.0,18.517346927097865,1.2857142857142858,19.517346927097865,0.2806122473308019
87,1,30,0,0.0,0.0,0.0,36.47142818995884,0.1428571428571429,36.61428533281599,-1.1102230246251565e-16
88,1,30,1,0.0,0.0,0.0,1.791666691501936,0.4666666587193807,1.791666691501936,0.6666666666666665
89,1,30,2,0.0,0.0,0.0,17.638311559503727,0.6363636363636362,18.274675195867363,1.4512987028468736
90,1,31,0,0.0,0.0,0.0,2.885000000894072,1.0650000095367431,3.6749999865889524,2.198214286565781
91,1,31,1,0.0,0.0,0.0,57.07500076293945,0.0,57.07500076293945,3.0
92,1,31,2,0.0,0.0,0.0,27.70357163747152,0.0,27.70357163747152,0.3273809552192688
93,2,1,0,0.0,0.0,0.0,4.3628527169877795,0.0009404388679699442,4.3637932132590915,2.1003134792501275
94,2,1,1,0.0,0.0,0.0,190.3999938964844,0.0,190.3999938964844,0.0
95,2,1,2,0.0,0.0,0.0,42.58571406773159,0.08571428912026545,42.67142868041992,7.142857142857143
96,2,2,0,0.0,0.0,0.0,45.11999969482423,0.0,45.119999694824216,2.8
97,2,2,1,0.0,0.0,0.0,5.724281584223114,0.0008620689623057841,5.72514370580514,1.1752873559792836
98,2,2,2,0.0,0.0,0.0,147.3000030517578,0.0,147.3000030517578,0.0
99,2,3,0,0.0,0.0,0.0,1.3052631436209925,0.31578947368421045,1.621052617305204,1.105263157894737
100,2,3,1,0.0,0.0,0.0,62.40000152587889,0.0,62.400001525878906,0.0
101,2,3,2,0.0,0.0,0.0,18.988275909423827,0.0020689655095338377,18.990345001220703,0.6413793087005616
102,2,4,0,0.0,0.0,0.0,4.605882294037762,0.05882352941176472,4.664705823449522,0.5537525345297427
103,2,4,1,0.0,0.0,0.0,25.153640111287437,0.002298850566148758,25.15593910217285,1.0459770096672907
104,2,4,2,0.0,0.0,0.0,49.32499980926514,9.350000023841858,58.67499923706055,8.5
105,2,5,0,0.0,0.0,0.0,19.418275928497316,1.542068927362561,20.96034507751465,0.5206896543502807
106,2,5,1,0.0,0.0,0.0,0.3857142861400398,-4.440892098500626e-16,0.3857142861400398,1.1102230246251565e-16
107,2,5,2,0.0,0.0,0.0,57.366667429606125,4.499999999999999,61.866667429606125,3.3678160905838013
108,2,6,0,0.0,0.0,0.0,2.336842113419582,8.881784197001252e-16,2.3368421134195856,2.220446049250313e-16
109,2,6,1,0.0,0.0,0.0,25.82284450531006,0.0025862068869177968,25.825430870056152,0.40086206793785095
110,2,6,2,0.0,0.0,0.0,14.933333079020183,30.000000000000004,44.93333435058593,11.666666666666666
111,2,7,0,0.0,0.0,0.0,26.397844552993778,0.0025862068869173527,26.400430917739868,2.400862067937851
112,2,7,1,0.0,0.0,0.0,0.6428571407284043,0.6190476190476191,1.2619047597760238,0.0
113,2,7,2,0.0,0.0,0.0,0.0,6.199999809265138,6.199999809265138,48.0
114,2,8,0,0.0,0.0,0.0,9.96896539415632,1.9458128623664381,11.914778436933245,2.6009852205004016
115,2,8,1,0.0,0.0,0.0,0.7772727310657488,0.2636363723061303,1.0409091033718796,0.3636363636363642
116,2,8,2,0.0,0.0,0.0,18.600000381469727,0.0,18.600000381469727,44.0
117,2,9,0,0.0,0.0,0.0,1.2500000223517418,0.15000000000000013,1.400000022351744,0.8500000000000001
118,2,9,1,0.0,0.0,0.0,36.540000152587886,3.0,39.54000015258789,5.800000000000001
119,2,9,2,0.0,0.0,0.0,12.296551513671876,3.324138007313013,15.62068977355957,6.641379308700563
120,2,10,0,0.0,0.0,0.0,1.809090920469976,0.1818181818181818,1.9909091022881586,0.09090909090909083
121,2,10,1,0.0,0.0,0.0,30.15999984741211,1.5199999570846563,31.679999923706053,18.000000000000004
122,2,10,2,0.0,0.0,0.0,18.388505299886063,0.013793103396892548,18.40229924519857,2.137931029001872
123,2,11,0,0.0,0.0,0.0,52.64999914169311,0.0,52.649999141693115,0.0
124,2,11,1,0.0,0.0,0.0,4.179310230981738,0.4781609195328893,4.657471270788289,1.2101806231907437
125,2,11,2,0.0,0.0,0.0,94.80000305175781,0.0,94.80000305175778,11.0
126,2,12,0,0.0,0.0,0.0,1.788888914717564,1.0842021724855044e-19,1.7888889147175675,2.5
127,2,12,1,0.0,0.0,0.0,56.50000063578288,1.0842021724855044e-19,56.500000635782875,0.534482757250468
128,2,12,2,0.0,0.0,0.0,20.8971258799235,0.003448275849223136,20.90057436625163,2.7011494239171348
129,2,13,0,0.0,0.0,0.0,21.075862142774795,0.11340996167725985,21.18927224477132,0.3563218381669786
130,2,13,1,0.0,0.0,0.0,78.87500095367432,0.0,78.87500095367432,0.0
131,2,13,2,0.0,0.0,0.0,1.976470586131608,-6.938893903907228e-18,1.976470586131601,2.7058823529411766
132,2,14,0,0.0,0.0,0.0,3.7826087008351914,-6.661338147750939e-16,3.7826087008351887,0.6086956521739132
133,2,14,1,0.0,0.0,0.0,94.80000305175778,0.0,94.8000030517578,0.0
134,2,14,2,0.0,0.0,0.0,21.247126579284668,9.10344833942751,30.350575129191085,3.201149423917135
135,2,15,0,0.0,0.0,0.0,22.610344767570496,0.002586206886917352,22.61293113231659,0.40086206793785095
136,2,15,1,0.0,0.0,0.0,2.4000000208616266,1.0842021724855044e-19,2.4000000208616274,0.6999999999999997
137,2,15,2,0.0,0.0,0.0,2.0999999046325684,0.0,2.0999999046325684,35.5
138,2,16,0,0.0,0.0,0.0,3.8849999904632586,2.168404344971009e-19,3.884999990463257,0.6500000000000004
139,2,16,1,0.0,0.0,0.0,26.09616830613878,0.004597701132297515,26.100766287909615,0.7126436763339574
140,2,16,2,0.0,0.0,0.0,0.0,0.0,0.0,40.0
141,2,17,0,0.0,0.0,0.0,2.061904751119161,-6.938893903907228e-18,2.061904751119159,1.666666666666667
142,2,17,1,0.0,0.0,0.0,47.14999961853027,0.0,47.14999961853027,0.0
143,2,17,2,0.0,0.0,0.0,19.54039396558489,0.14581280787076267,19.68620695386614,0.45812807764325825
144,2,18,0,0.0,0.0,0.0,49.68333307902019,0.0,49.68333307902018,0.0
145,2,18,1,0.0,0.0,0.0,13.4728444814682,0.290086215827614,13.762930870056152,0.525862067937851
146,2,18,2,0.0,0.0,0.0,1.5499999821186083,0.0,1.5499999821186101,2.1250000000000004
147,2,19,0,0.0,0.0,0.0,2.163157899128766,-6.938893903907228e-18,2.1631578991287626,-2.220446049250313e-16
148,2,19,1,0.0,0.0,0.0,22.978275966644286,0.10206896550953387,23.08034505844116,3.5206896543502793
149,2,19,2,0.0,0.0,0.0,81.0,0.0,81.0,0.0
150,2,20,0,0.0,0.0,0.0,18.122844696044922,0.40258621284738183,18.525431275367737,0.40086206793785095
151,2,20,1,0.0,0.0,0.0,2.015000033378602,5.551115123125783e-17,2.0150000333786036,1.4000000000000008
152,2,20,2,0.0,0.0,0.0,55.85000038146973,2.5,58.35000038146973,0.0
153,2,21,0,0.0,0.0,0.0,38.37500023841858,1.1102230246251565e-16,38.37500023841858,0.25
154,2,21,1,0.0,0.0,0.0,0.44117648548939314,0.4999999999999998,0.941176483736319,1.529411764705883
155,2,21,2,0.0,0.0,0.0,13.516551494598387,3.544138083606958,17.0606897354126,2.0413793087005616
156,2,22,0,0.0,0.0,0.0,32.50000063578288,0.1333333353201548,32.633334477742515,-2.220446049250313e-16
157,2,22,1,0.0,0.0,0.0,0.7052631409544716,-1.1102230246251565e-16,0.7052631409544725,1.631578947368421
158,2,22,2,0.0,0.0,0.0,10.147844672203064,2.002586206886917,12.150431036949158,2.400862067937851
159,2,23,0,0.0,0.0,0.0,0.02352941211531956,0.2941176470588234,0.3176470591741465,-3.3306690738754696e-16
160,2,23,1,0.0,0.0,0.0,47.20000076293945,0.0,47.20000076293945,0.0
161,2,23,2,0.0,0.0,0.0,12.06206889586015,0.0018808777359398954,12.063949888402764,2.2915360494093466
162,2,24,0,0.0,0.0,0.0,15.658275890350343,0.0020689655095339488,15.660344982147217,0.32068965435028085
163,2,24,1,0.0,0.0,0.0,48.52499866485596,0.0,48.52499866485596,0.0
164,2,24,2,0.0,0.0,0.0,0.5374999884515965,0.5249999761581419,1.0624999646097404,1.4374999999999993
165,2,25,0,0.0,0.0,0.0,6.399999959128243,1.099999972752163,7.4999999318804065,1.1428571428571428
166,2,25,1,0.0,0.0,0.0,23.494252522786457,0.9402298691372075,24.43448257446289,1.068965514500936
167,2,25,2,0.0,0.0,0.0,0.3750000059604641,1.6653345369377348e-16,0.3750000059604641,0.8999999999999998
168,2,26,0,0.0,0.0,0.0,13.335344672203064,0.25258620688691746,13.587931036949158,1.400862067937851
169,2,26,1,0.0,0.0,0.0,0.614285718827019,2.7755575615628914e-17,0.6142857188270203,0.23809523809523792
170,2,26,2,0.0,0.0,0.0,0.0,0.0,0.0,13.0
171,2,27,0,0.0,0.0,0.0,19.870689392089844,0.005172413773834704,19.87586212158203,0.8017241358757019
172,2,27,1,0.0,0.0,0.0,109.0,0.0,109.0,0.0
173,2,27,2,0.0,0.0,0.0,1.3320000106096241,0.0,1.3320000106096295,0.2
174,2,28,0,0.0,0.0,0.0,19.55172401004367,0.004597701132297516,19.556321991814507,0.7126436763339574
175,2,28,1,0.0,0.0,0.0,78.89999771118164,0.0,78.89999771118164,0.0
176,2,28,2,0.0,0.0,0.0,1.9263157813172622,0.3263157794350073,2.252631585848958,0.10526315789473686
177,2,29,0,0.0,0.0,0.0,-8.881784197001252e-16,0.0,-8.881784197001252e-16,0.0
178,2,29,1,0.0,0.0,0.0,14.199999809265135,0.0,14.199999809265135,0.0
179,2,29,2,0.0,0.0,0.0,7.933333555857342,0.0,7.933333555857342,1.068965514500936
180,3,1,0,0.0,0.0,0.0,6.92728625432304,0.3688155840272489,7.296101852603588,0.26986506775669433
181,3,1,1,0.0,0.0,0.0,44.90000025431314,-5.551115123125783e-17,44.90000025431314,2.7755575615628914e-17
182,3,1,2,0.0,0.0,0.0,106.0999984741211,0.0,106.0999984741211,0.0
183,3,2,0,0.0,0.0,0.0,17.27275867462158,0.02827586233615874,17.30103454589844,0.12068965584039681
184,3,2,1,0.0,0.0,0.0,2.868750024586914,0.12500000000000006,2.9937500245869195,0.6874999999999999
185,3,2,2,0.0,0.0,0.0,28.82499933242798,0.0,28.82499933242798,0.0
186,3,3,0,0.0,0.0,0.0,3.078947349598531,0.5473684009752778,3.6263157505738057,0.21052631578947362
187,3,3,1,0.0,0.0,0.0,71.00000000000001,5.551115123125783e-17,71.0,0.0
188,3,3,2,0.0,0.0,0.0,20.80344808101654,0.13534482941031456,20.938792824745178,0.02586206980049613
189,3,4,0,0.0,0.0,0.0,19.02126391728719,0.5471264372269313,19.568390369415283,0.03448275973399478
190,3,4,1,0.0,0.0,0.0,43.266667683919266,0.0,43.266667683919266,0.0
191,3,4,2,0.0,0.0,0.0,2.6523809631665527,1.3877787807814457e-17,2.6523809631665545,0.5336617408763795
192,3,5,0,0.0,0.0,0.0,0.9238095340274644,0.30476190930321106,1.2285714433306705,0.47619047619047616
193,3,5,1,0.0,0.0,0.0,22.828447937965393,0.9228448458015917,23.75129270553589,0.4008620698004961
194,3,5,2,0.0,0.0,0.0,74.4000015258789,0.0,74.4000015258789,0.0
195,3,6,0,0.0,0.0,0.0,30.303940909249448,0.04039408905165537,30.344335011073525,0.029556651200566997
196,3,6,1,0.0,0.0,0.0,3.1181817921725177,0.23181817748329855,3.3499999913302307,0.45454545454545436
197,3,6,2,0.0,0.0,0.0,61.0,0.0,61.0,0.0
198,3,7,0,0.0,0.0,0.0,1.9529411862878252,0.4882352772881005,2.4411764635759248,0.17647058823529407
199,3,7,1,0.0,0.0,0.0,14.828448057174683,0.385344821959734,15.21379292011261,0.27586206980049605
200,3,7,2,0.0,0.0,0.0,27.900000000000002,0.0,27.900000000000002,0.0
201,3,8,0,0.0,0.0,0.0,16.610632101694744,0.02356321861346533,16.63419532775879,0.01724137986699742
202,3,8,1,0.0,0.0,0.0,1.1142857159887036,0.7857142857142857,1.8999999676431951,0.5000000000000002
203,3,8,2,0.0,0.0,0.0,36.60000038146973,5.0,41.60000038146973,0.0
204,3,9,0,0.0,0.0,0.0,3.809523793203491,0.19047619047619047,3.999999983679677,-8.673617379884035e-19
205,3,9,1,0.0,0.0,0.0,47.0,0.0,47.0,0.0
206,3,9,2,0.0,0.0,0.0,22.936452865600586,1.252216722284045,24.188669749668662,0.029556651200566973
207,3,10,0,0.0,0.0,0.0,2.569999933242796,0.15,2.7199999570846582,0.5500000000000003
208,3,10,1,0.0,0.0,0.0,57.8000005086263,0.0,57.80000050862631,0.0
209,3,10,2,0.0,0.0,0.0,23.49359566824777,0.7665024910654339,24.260098048618865,0.08866995360170088
210,3,11,0,0.0,0.0,0.0,1.5307692312277297,0.15384615384615385,1.6846153850738812,0.5384615384615382
211,3,11,1,0.0,0.0,0.0,29.049999872843426,0.8000000317891438,29.84999974568685,0.03448275973399481
212,3,11,2,0.0,0.0,0.0,15.695924758911133,0.051410658793015956,15.747335433959963,0.03761755607344883
213,3,12,0,0.0,0.0,0.0,3.6631579712817555,0.2631578947368421,3.926315815825209,0.26315789473684215
214,3,12,1,0.0,0.0,0.0,28.118275451660157,0.3848275870084763,28.503103065490723,0.06206896752119065
215,3,12,2,0.0,0.0,0.0,95.5999984741211,0.0,95.5999984741211,0.0
216,3,13,0,0.0,0.0,0.0,17.950574556986492,0.5072796940803528,18.45785427093506,1.3793103463119931
217,3,13,1,0.0,0.0,0.0,2.3777777585718383,0.38888888888888895,2.766666673951679,0.1666666666666669
218,3,13,2,0.0,0.0,0.0,40.266666412353516,-5.551115123125783e-17,40.266666412353516,0.0
219,3,14,0,0.0,0.0,0.0,22.183907508850098,4.396168582969242,26.58007600572374,0.04597701297865986
220,3,14,1,0.0,0.0,0.0,2.082352933638239,0.1294117648811901,2.211764698519426,1.6653345369377348e-16
221,3,14,2,0.0,0.0,0.0,46.80000019073486,0.5,47.30000019073486,3.25
222,3,15,0,0.0,0.0,0.0,49.13333257039388,0.0,49.13333257039388,0.0
223,3,15,1,0.0,0.0,0.0,3.133333370799109,-1.734723475976807e-18,3.133333370799109,0.09523809523809523
224,3,15,2,0.0,0.0,0.0,26.40459760030111,0.04712643722693126,26.4517240524292,1.2011494264006617
225,3,16,0,0.0,0.0,0.0,3.0789473511670735,0.05263157894736842,3.131578930114447,-2.7755575615628914e-17
226,3,16,1,0.0,0.0,0.0,43.84000091552735,0.12000000476837158,43.96000061035157,0.0
227,3,16,2,0.0,0.0,0.0,16.671264330546062,0.8804597705602649,17.551724116007488,0.867816093067328
228,3,17,0,0.0,0.0,0.0,1.5714285402070924,0.6190476190476191,2.1904761592547146,0.09523809523809523
229,3,17,1,0.0,0.0,0.0,30.653448343276978,0.23534483090043073,30.888792991638187,1.400862069800496
230,3,17,2,0.0,0.0,0.0,92.3000030517578,0.0,92.30000305175778,0.0
231,3,18,0,0.0,0.0,0.0,24.2855167388916,0.056551724672317505,24.342068481445313,0.041379311680793784
232,3,18,1,0.0,0.0,0.0,1.8947368421052602,0.32631577943500734,2.221052646636963,0.7368421052631579
233,3,18,2,0.0,0.0,0.0,45.166666666666664,0.0,45.16666666666667,1.1666666666666667
234,3,19,0,0.0,0.0,0.0,19.05344784259796,0.16034482792019844,19.21379268169403,0.025862069800496115
235,3,19,1,0.0,0.0,0.0,48.266666412353516,0.0,48.266666412353516,0.0
236,3,19,2,0.0,0.0,0.0,2.4473684430122375,-1.3877787807814457e-17,2.4473684430122393,0.10526315789473686
237,3,20,0,0.0,0.0,0.0,1.8916666532556192,0.0,1.8916666532556228,0.0
238,3,20,1,0.0,0.0,0.0,66.36666488647461,0.33333333333333337,66.69999821980794,0.0
239,3,20,2,0.0,0.0,0.0,16.9818390528361,0.2855172415574392,17.267356300354006,0.013793103893597919
240,3,21,0,0.0,0.0,0.0,24.04275817871094,0.028275862336158752,24.071034049987794,0.020689655840396948
241,3,21,1,0.0,0.0,0.0,3.7157894945458345,0.5578947380969399,4.273684226368605,0.5263157894736842
242,3,21,2,0.0,0.0,0.0,109.8000030517578,0.0,109.8000030517578,0.0
243,3,22,0,0.0,0.0,0.0,39.0,0.0,39.0,0.0
244,3,22,1,0.0,0.0,0.0,2.6181817921725195,-1.734723475976807e-18,2.618181792172517,0.04545454545454547
245,3,22,2,0.0,0.0,0.0,21.209194819132488,0.0942528744538625,21.303447723388672,4.068965519467989
246,3,23,0,0.0,0.0,0.0,1.0818181830373703,-1.734723475976807e-18,1.0818181830373703,-1.734723475976807e-18
247,3,23,1,0.0,0.0,0.0,30.421264330546062,0.04712643722693126,30.468390782674152,0.0344827597339948
248,3,23,2,0.0,0.0,0.0,62.20000076293945,0.0,62.20000076293945,0.0
249,3,24,0,0.0,0.0,0.0,0.8999999794695128,0.0,0.8999999794695119,0.0
250,3,24,1,0.0,0.0,0.0,15.282758331298828,0.028275862336158752,15.311034202575684,0.02068965584039688
251,3,24,2,0.0,0.0,0.0,28.94999980926514,1.5000000000000002,30.449999809265144,0.0
252,3,25,0,0.0,0.0,0.0,23.2439653078715,0.606896551946799,23.850861867268883,0.6839080465336641
253,3,25,1,0.0,0.0,0.0,1.4374999692663604,-8.326672684688674e-17,1.437499969266355,-5.551115123125783e-17
254,3,25,2,0.0,0.0,0.0,61.49999999999999,0.0,61.5,0.0
255,3,26,0,0.0,0.0,0.0,2.727272690697153,-2.0816681711721685e-17,2.7272726906971494,1.3877787807814457e-17
256,3,26,1,0.0,0.0,0.0,38.066665649414055,0.0,38.06666564941406,0.0
257,3,26,2,0.0,0.0,0.0,17.885516738891603,0.25655172467231746,18.142068481445314,0.24137931168079377
258,3,27,0,0.0,0.0,0.0,12.954597632090252,1.047126437226931,14.001724243164062,0.0344827597339948
259,3,27,1,0.0,0.0,0.0,1.5947368552810275,0.5263157894736841,2.121052619658017,0.0
260,3,27,2,0.0,0.0,0.0,28.199999999999996,0.0,28.200000000000003,-8.673617379884035e-19
261,3,28,0,0.0,0.0,0.0,44.20000076293945,0.0,44.200000762939446,0.0
262,3,28,1,0.0,0.0,0.0,2.009103389978412,0.011310344934463534,2.0204137384891485,0.008275862336158749
263,3,28,2,0.0,0.0,0.0,70.0,1.0,71.0,0.0
264,3,29,0,0.0,0.0,0.0,0.9374999925494194,4.163336342344337e-17,0.9374999925494212,0.0
265,3,29,1,0.0,0.0,0.0,46.92499923706055,0.0,46.92499923706055,0.0
266,3,29,2,0.0,0.0,0.0,15.145516967773437,0.35655172467231755,15.502068710327148,0.041379311680793764
267,3,30,0,0.0,0.0,0.0,11.820689504796809,0.025705329396507992,11.846394842321223,0.3824451416730881
268,3,30,1,0.0,0.0,0.0,1.1142857096024912,2.7755575615628914e-17,1.114285709602493,2.7755575615628914e-17
269,3,30,2,0.0,0.0,0.0,34.97999954223633,1.0800000190734864,36.05999908447266,0.0
270,3,31,0,0.0,0.0,0.0,16.572796715630425,0.3517241279284159,16.924520916408962,0.022988506489329867
271,3,31,1,0.0,0.0,0.0,0.749999994784595,0.0,0.7499999947845923,-8.673617379884035e-19
272,3,31,2,0.0,0.0,0.0,67.59999847412111,0.0,67.59999847412111,0.0
273,4,1,0,0.0,0.0,0.0,1.2700000095367443,0.0028571429848671046,1.272857141494752,0.0
274,4,1,1,0.0,0.0,0.0,35.79999923706055,0.0,35.79999923706055,0.0
275,4,1,2,0.0,0.0,0.0,11.799999952316284,0.25,12.049999952316284,0.0
276,4,2,0,0.0,0.0,0.0,1.8575000055134332,0.0035714287310838703,1.8610714204609433,0.0
277,4,2,1,0.0,0.0,0.0,51.39999961853027,0.0,51.39999961853027,0.0
278,4,2,2,0.0,0.0,0.0,21.566666762034096,4.336808689942018e-19,21.566666762034096,0.0
279,4,3,0,0.0,0.0,0.0,1.1977272792295985,0.0032467533918944277,1.2009740200909698,0.0
280,4,3,1,0.0,0.0,0.0,21.0,0.0,21.0,0.0
281,4,3,2,0.0,0.0,0.0,9.733333587646486,4.336808689942018e-19,9.733333587646484,0.0
282,4,4,0,0.0,0.0,0.0,29.55714307512556,0.14285714285714288,29.7000002179827,0.0
283,4,4,1,0.0,0.0,0.0,169.8000030517578,0.0,169.8000030517578,0.0
284,4,4,2,0.0,0.0,0.0,3.673863633789802,0.0016233766959472193,3.6754870042204857,0.0
285,4,5,0,0.0,0.0,0.0,54.26249980926514,2.168404344971009e-19,54.26249980926514,0.25
286,4,5,1,0.0,0.0,0.0,236.0,0.0,236.0,0.0
287,4,5,2,0.0,0.0,0.0,5.782142860548841,0.0017006803481351765,5.783843534333371,0.0
288,4,6,0,0.0,0.0,0.0,0.7765624932944757,0.0022321429569274187,0.7787946276366693,0.0
289,4,6,1,0.0,0.0,0.0,41.733333587646484,0.0,41.733333587646484,0.0
290,4,6,2,0.0,0.0,0.0,9.072727420113303,2.168404344971009e-19,9.072727420113305,0.0
291,4,7,0,0.0,0.0,0.0,44.53333409627278,2.168404344971009e-19,44.53333409627278,0.0
292,4,7,1,0.0,0.0,0.0,3.0141304226025287,0.0015527951004712481,3.0156832117101366,0.0
293,4,7,2,0.0,0.0,0.0,137.39999389648438,0.0,137.39999389648438,0.0
294,4,8,0,0.0,0.0,0.0,1.332954519851639,0.0016233766959472139,1.3345778902823273,0.0
295,4,8,1,0.0,0.0,0.0,74.4000015258789,0.0,74.4000015258789,0.0
296,4,8,2,0.0,0.0,0.0,11.557142938886368,2.168404344971009e-19,11.55714293888637,0.0
297,4,9,0,0.0,0.0,0.0,2.354347845782401,0.0031055902009424962,2.3574534239976295,0.0
298,4,9,1,0.0,0.0,0.0,51.5,0.0,51.5,0.0
299,4,9,2,0.0,0.0,0.0,24.033333142598472,4.336808689942018e-19,24.033333142598472,0.0
300,4,10,0,0.0,0.0,0.0,1.3556818217039126,0.0016233766959472139,1.3573051921345929,0.0
301,4,10,1,0.0,0.0,0.0,54.99999872843425,0.0,54.99999872843425,0.0
302,4,10,2,0.0,0.0,0.0,22.260000228881836,0.0,22.260000228881836,0.0
303,4,11,0,0.0,0.0,0.0,65.40000152587889,0.0,65.40000152587889,0.0
304,4,11,1,0.0,0.0,0.0,1.4184782731792192,0.0015527951004712481,1.4200310622868333,0.0
305,4,11,2,0.0,0.0,0.0,14.0,2.168404344971009e-19,14.0,0.0
306,4,12,0,0.0,0.0,0.0,22.24000015258789,0.2,22.440000152587892,0.0
307,4,12,1,0.0,0.0,0.0,0.5897058844566336,0.002100840430049343,0.5918067167787013,0.0
308,4,12,2,0.0,0.0,0.0,8.912499964237213,6.938893903907228e-18,8.912499964237213,0.0
309,4,13,0,0.0,0.0,0.0,25.471428734915598,2.168404344971009e-19,25.471428734915598,0.0
310,4,13,1,0.0,0.0,0.0,64.80000305175781,0.0,64.80000305175781,0.0
311,4,13,2,0.0,0.0,0.0,1.5583333018280232,0.0017006803481351765,1.560033975612546,0.047619047619047616
312,4,14,0,0.0,0.0,0.0,18.833333015441895,2.168404344971009e-19,18.833333015441898,0.0
313,4,14,1,0.0,0.0,0.0,1.3202381006308972,0.0017006803481351765,1.3219387744154245,0.0
314,4,14,2,0.0,0.0,0.0,32.46666653951009,0.0,32.46666653951009,0.0
315,4,15,0,0.0,0.0,0.0,2.332894747194487,0.0018796993321494055,2.3347744392721292,0.0
316,4,15,1,0.0,0.0,0.0,69.10000228881836,0.0,69.10000228881835,0.0
317,4,15,2,0.0,0.0,0.0,17.044444508022735,2.168404344971009e-19,17.04444450802273,0.0
318,4,16,0,0.0,0.0,0.0,4.139285811356139,0.0017006803481351765,4.1409864851406635,0.0
319,4,16,1,0.0,0.0,0.0,29.249999999999996,0.0,29.249999999999996,0.0
320,4,16,2,0.0,0.0,0.0,45.45999984741211,0.0,45.45999984741211,0.0
321,4,17,0,0.0,0.0,0.0,10.600000000000001,0.0,10.6,0.0
322,4,17,1,0.0,0.0,0.0,1.5097825941832173,0.0015527951004712481,1.5113353832908287,0.0
323,4,17,2,0.0,0.0,0.0,27.849999427795414,0.0,27.84999942779541,0.0
324,4,18,0,0.0,0.0,0.0,0.6362500116229066,0.0017857143655419351,0.6380357190966599,0.0
325,4,18,1,0.0,0.0,0.0,20.999999523162842,0.0,20.999999523162842,0.0
326,4,18,2,0.0,0.0,0.0,11.099999904632568,2.168404344971009e-19,11.099999904632568,0.0
327,4,19,0,0.0,0.0,0.0,0.7868421109099168,0.003759398664298811,0.7906014950651858,0.0
328,4,19,1,0.0,0.0,0.0,47.0,0.0,47.0,0.0
329,4,19,2,0.0,0.0,0.0,11.677777608235676,4.336808689942018e-19,11.677777608235676,0.0
330,4,20,0,0.0,0.0,0.0,1.5141304277855436,0.0015527951004712481,1.5156832168931538,0.0
331,4,20,1,0.0,0.0,0.0,31.80000114440918,0.0,31.800001144409176,0.0
332,4,20,2,0.0,0.0,0.0,13.099999999999998,0.0,13.1,0.0
333,4,21,0,0.0,0.0,0.0,0.9022727297111013,0.0032467533918944277,0.9055194705724698,0.0
334,4,21,1,0.0,0.0,0.0,15.724999904632568,0.0,15.724999904632568,0.0
335,4,21,2,0.0,0.0,0.0,25.799999713897705,0.0,25.799999713897705,0.0
336,4,22,0,0.0,0.0,0.0,0.5712499983608739,0.0017857143655419239,0.5730357058346263,0.0
337,4,22,1,0.0,0.0,0.0,32.10000038146973,0.9999999999999999,33.10000038146973,0.0
338,4,22,2,0.0,0.0,0.0,11.999999940395355,1.3877787807814457e-17,11.999999940395355,0.0
339,4,23,0,0.0,0.0,0.0,1.8760416371126967,0.0014880953046182794,1.8775297266741608,0.0
340,4,23,1,0.0,0.0,0.0,20.9,0.0,20.900000000000002,0.0
341,4,23,2,0.0,0.0,0.0,54.9000015258789,0.0,54.9000015258789,0.0
342,4,24,0,0.0,0.0,0.0,1.160294133074144,0.0021008404300493356,1.1623949653962082,0.0
343,4,24,1,0.0,0.0,0.0,52.43333307902018,0.0,52.43333307902019,0.0
344,4,24,2,0.0,0.0,0.0,13.07000002861023,2.168404344971009e-19,13.07000002861023,0.0
345,4,25,0,0.0,0.0,0.0,1.431521757789282,0.0015527951004712481,1.4330745468968917,0.0
346,4,25,1,0.0,0.0,0.0,58.76666514078776,0.0,58.76666514078776,0.0
347,4,25,2,0.0,0.0,0.0,29.050000190734863,0.0,29.050000190734863,0.0
348,4,26,0,0.0,0.0,0.0,0.5750000043348855,0.0032467533918944277,0.5782467451962532,0.0
349,4,26,1,0.0,0.0,0.0,26.92000026702881,2.168404344971009e-19,26.920000267028808,0.0
350,4,26,2,0.0,0.0,0.0,9.84444432788425,2.168404344971009e-19,9.84444432788425,0.0
351,4,27,0,0.0,0.0,0.0,0.9265625076368433,0.0022321429569274187,0.928794641979036,0.0
352,4,27,1,0.0,0.0,0.0,39.93333307902019,0.0,39.93333307902019,0.0
353,4,27,2,0.0,0.0,0.0,10.47272725538774,2.168404344971009e-19,10.47272725538774,0.0
354,4,28,0,0.0,0.0,0.0,0.7736111299859152,0.0019841270728243724,0.7755952494011984,0.0
355,4,28,1,0.0,0.0,0.0,26.78333282470703,2.168404344971009e-19,26.78333282470703,0.0
356,4,28,2,0.0,0.0,0.0,11.99999984105428,2.168404344971009e-19,11.999999841054281,0.0
357,4,29,0,0.0,0.0,0.0,6.246428557804652,0.0051020410444055295,6.2515305791582385,0.0
358,4,29,1,0.0,0.0,0.0,27.833333333333332,0.0,27.833333333333336,0.0
359,4,29,2,0.0,0.0,0.0,0.645000007748604,2.168404344971009e-19,0.6450000077486058,0.0
360,4,30,0,0.0,0.0,0.0,0.24210526676554522,2.168404344971009e-19,0.24210526676554434,0.0
361,4,30,1,0.0,0.0,0.0,26.966667175292972,0.0,26.966667175292965,0.0
362,4,30,2,0.0,0.0,0.0,5.878124982118607,0.004464285913854837,5.882589250802994,0.0
363,5,1,0,0.0,0.0,0.0,2.1448275855293994,0.0,2.1448275855293994,0.0
364,5,1,1,0.0,0.0,0.0,51.5,0.0,51.5,0.0
365,5,1,2,0.0,0.0,0.0,21.949999809265137,0.0,21.949999809265137,0.0
366,5,2,0,0.0,0.0,0.0,7.303183042086088,0.0,7.303183042086088,0.0
367,5,2,1,0.0,0.0,0.0,25.950000286102295,0.0,25.950000286102295,0.0
368,5,2,2,0.0,0.0,0.0,0.6923077049163675,0.0,0.6923077049163675,0.0
369,5,3,0,0.0,0.0,0.0,1.1842105200416162,0.0,1.1842105200416162,0.0
370,5,3,1,0.0,0.0,0.0,26.850000381469727,0.0,26.850000381469727,0.0
371,5,3,2,0.0,0.0,0.0,7.913409815894232,0.0,7.913409815894232,0.0
372,5,4,0,0.0,0.0,0.0,11.42857129233224,0.0,11.42857129233224,0.0
373,5,4,1,0.0,0.0,0.0,1.4777429510246631,0.0,1.4777429510246631,0.0
374,5,4,2,0.0,0.0,0.0,48.599998474121094,0.0,48.599998474121094,0.0
375,5,5,0,0.0,0.0,0.0,0.38947369158267886,0.0,0.38947369158267886,0.0
376,5,5,1,0.0,0.0,0.0,21.179999923706056,0.0,21.179999923706056,0.0
377,5,5,2,0.0,0.0,0.0,5.535057425498962,0.0,5.535057425498962,0.0
378,5,6,0,0.0,0.0,0.0,0.2636363695968291,0.0,0.2636363695968291,0.0
379,5,6,1,0.0,0.0,0.0,19.750000476837158,0.0,19.750000476837158,0.0
380,5,6,2,0.0,0.0,0.0,6.651724179585775,0.0,6.651724179585775,0.0
381,5,7,0,0.0,0.0,0.0,1.1860837420182553,0.0,1.1860837420182553,0.0
382,5,7,1,0.0,0.0,0.0,83.5999984741211,0.0,83.5999984741211,0.0
383,5,7,2,0.0,0.0,0.0,20.0,0.0,20.0,0.0
384,5,8,0,0.0,0.0,0.0,3.535057465235392,0.0,3.535057465235392,0.0
385,5,8,1,0.0,0.0,0.0,21.766666412353516,0.0,21.766666412353516,0.0
386,5,8,2,0.0,0.0,0.0,0.14285714285714413,0.0,0.14285714285714413,0.0
387,5,9,0,0.0,0.0,0.0,5.7871920721871515,0.0,5.7871920721871515,0.0
388,5,9,1,0.0,0.0,0.0,0.09545454653826657,0.0,0.09545454653826657,0.0
389,5,9,2,0.0,0.0,0.0,12.699999809265135,0.0,12.699999809265135,0.0
390,5,10,0,0.0,0.0,0.0,0.9129310473799706,0.0,0.9129310473799706,0.0
391,5,10,1,0.0,0.0,0.0,41.29999923706055,0.0,41.29999923706055,0.0
392,5,10,2,0.0,0.0,0.0,12.600000023841858,0.0,12.600000023841858,0.0
393,5,11,0,0.0,0.0,0.0,0.21600000023842103,0.0,0.21600000023842103,0.0
394,5,11,1,0.0,0.0,0.0,109.5,0.0,109.5,0.0
395,5,11,2,0.0,0.0,0.0,7.527586221694946,0.0,7.527586221694946,0.0
396,5,12,0,0.0,0.0,0.0,0.7087643680473161,0.0,0.7087643680473161,0.0
397,5,12,1,0.0,0.0,0.0,25.10000038146973,0.0,25.10000038146973,0.0
398,5,12,2,0.0,0.0,0.0,10.119999980926513,0.0,10.119999980926513,0.0
399,5,13,0,0.0,0.0,0.0,15.2,0.0,15.2,0.0
400,5,13,1,0.0,0.0,0.0,0.6743628253107499,0.0,0.6743628253107499,0.0
401,5,13,2,0.0,0.0,0.0,29.300000190734863,0.0,29.300000190734863,0.0
402,5,14,0,0.0,0.0,0.0,0.11666666799121428,0.0,0.11666666799121428,0.0
403,5,14,1,0.0,0.0,0.0,13.557142666407994,0.0,13.557142666407994,0.0
404,5,14,2,0.0,0.0,0.0,4.002068996429443,0.0,4.002068996429443,0.0
405,5,15,0,0.0,0.0,0.0,0.39090908657420886,0.0,0.39090908657420886,0.0
406,5,15,1,0.0,0.0,0.0,6.3534482320149746,0.0,6.3534482320149746,0.0
407,5,15,2,0.0,0.0,0.0,12.200000286102297,0.0,12.200000286102297,0.0
408,5,16,0,0.0,0.0,0.0,0.20454545454545348,0.0,0.20454545454545348,0.0
409,5,16,1,0.0,0.0,0.0,19.899999618530273,0.0,19.899999618530273,0.0
410,5,16,2,0.0,0.0,0.0,5.7443349702017645,0.0,5.7443349702017645,0.0
411,5,17,0,0.0,0.0,0.0,0.9564137941598903,0.0,0.9564137941598903,0.0
412,5,17,1,0.0,0.0,0.0,14.14999985694885,0.0,14.14999985694885,0.0
413,5,17,2,0.0,0.0,0.0,27.20000076293945,0.0,27.20000076293945,0.0
414,5,18,0,0.0,0.0,0.0,0.921264375249546,0.0,0.921264375249546,0.0
415,5,18,1,0.0,0.0,0.0,15.624999523162842,0.0,15.624999523162842,0.0
416,5,18,2,0.0,0.0,0.0,29.249999046325684,0.0,29.249999046325684,0.0
417,5,19,0,0.0,0.0,0.0,0.7787106464738418,0.0,0.7787106464738418,0.0
418,5,19,1,0.0,0.0,0.0,43.85000038146973,0.0,43.85000038146973,0.0
419,5,19,2,0.0,0.0,0.0,23.220000076293946,0.0,23.220000076293946,0.0
420,5,20,0,0.0,0.0,0.0,0.9766830887113311,0.0,0.9766830887113311,0.0
421,5,20,1,0.0,0.0,0.0,41.43333307902018,0.0,41.43333307902018,0.0
422,5,20,2,0.0,0.0,0.0,11.233333508173624,0.0,11.233333508173624,0.0
423,5,21,0,0.0,0.0,0.0,1.0671592780521912,0.0,1.0671592780521912,0.0
424,5,21,1,0.0,0.0,0.0,48.89999961853027,0.0,48.89999961853027,0.0
425,5,21,2,0.0,0.0,0.0,19.114285741533557,0.0,19.114285741533557,0.0
426,5,22,0,0.0,0.0,0.0,1.548827588558197,0.0,1.548827588558197,0.0
427,5,22,1,0.0,0.0,0.0,19.866666793823242,0.0,19.866666793823242,0.0
428,5,22,2,0.0,0.0,0.0,42.89999961853027,0.0,42.89999961853027,0.0
429,5,23,0,0.0,0.0,0.0,7.227586150169373,0.0,7.227586150169373,0.0
430,5,23,1,0.0,0.0,0.0,35.1000010172526,0.0,35.1000010172526,0.0
431,5,23,2,0.0,0.0,0.0,0.42173913315586375,0.0,0.42173913315586375,0.0
432,5,24,0,0.0,0.0,0.0,0.2999999995032938,0.0,0.2999999995032938,0.0
433,5,24,1,0.0,0.0,0.0,6.902068901062012,0.0,6.902068901062012,0.0
434,5,24,2,0.0,0.0,0.0,23.60000038146973,0.0,23.60000038146973,0.0
435,5,25,0,0.0,0.0,0.0,1.0259259436969401,0.0,1.0259259436969401,0.0
436,5,25,1,0.0,0.0,0.0,18.949999809265137,0.0,18.949999809265137,0.0
437,5,25,2,0.0,0.0,0.0,38.70000076293945,0.0,38.70000076293945,0.0
438,5,26,0,0.0,0.0,0.0,10.800000190734863,0.0,10.800000190734863,0.0
439,5,26,1,0.0,0.0,0.0,3.757142850330898,0.0,3.757142850330898,0.0
440,5,26,2,0.0,0.0,0.0,0.3952380958057582,0.0,0.3952380958057582,0.0
441,5,27,0,0.0,0.0,0.0,1.9428571434248072,0.0,1.9428571434248072,0.0
442,5,27,1,0.0,0.0,0.0,11.214285714285714,0.0,11.214285714285714,0.0
443,5,27,2,0.0,0.0,0.0,32.05000114440918,0.0,32.05000114440918,0.0
444,5,28,0,0.0,0.0,0.0,1.74814810410694,0.0,1.74814810410694,0.0
445,5,28,1,0.0,0.0,0.0,57.0,0.0,57.0,0.0
446,5,28,2,0.0,0.0,0.0,22.800000190734863,0.0,22.800000190734863,0.0
447,5,29,0,0.0,0.0,0.0,0.8041666708886619,0.0,0.8041666708886619,0.0
448,5,29,1,0.0,0.0,0.0,10.020000076293947,0.0,10.020000076293947,0.0
449,5,29,2,0.0,0.0,0.0,20.399999618530273,0.0,20.399999618530273,0.0
450,5,30,0,0.0,0.0,0.0,0.09047618934086366,0.0,0.09047618934086366,0.0
451,5,30,1,0.0,0.0,0.0,10.157142911638532,0.0,10.157142911638532,0.0
452,5,30,2,0.0,0.0,0.0,19.799999237060547,0.0,19.799999237060547,0.0
453,5,31,0,0.0,0.0,0.0,12.557142802647181,0.0,12.557142802647181,0.0
454,5,31,1,0.0,0.0,0.0,0.8095238010088588,0.0,0.8095238010088588,0.0
455,5,31,2,0.0,0.0,0.0,34.15000057220459,0.0,34.15000057220459,0.0
456,6,1,0,0.0,0.0,0.0,0.958333328987163,0.0,0.958333328987163,0.0
457,6,1,1,0.0,0.0,0.0,37.0,0.0,37.0,0.0
458,6,1,2,0.0,0.0,0.0,12.119999885559082,0.0,12.119999885559082,0.0
459,6,2,0,0.0,0.0,0.0,0.9239999783039083,0.0,0.9239999783039083,0.0
460,6,2,1,0.0,0.0,0.0,34.333333333333336,0.0,34.333333333333336,0.0
461,6,2,2,0.0,0.0,0.0,15.449999809265137,0.0,15.449999809265137,0.0
462,6,3,0,0.0,0.0,0.0,8.239999961853027,0.0,8.239999961853027,0.0
463,6,3,1,0.0,0.0,0.0,0.6291666676600762,0.0,0.6291666676600762,0.0
464,6,3,2,0.0,0.0,0.0,44.400001525878906,0.0,44.400001525878906,0.0
465,6,4,0,0.0,0.0,0.0,8.285714217594691,0.0,8.285714217594691,0.0
466,6,4,1,0.0,0.0,0.0,0.3850000053644185,0.0,0.3850000053644185,0.0
467,6,4,2,0.0,0.0,0.0,15.99999968210856,0.0,15.99999968210856,0.0
468,6,5,0,0.0,0.0,0.0,0.33181818269870567,0.0,0.33181818269870567,0.0
469,6,5,1,0.0,0.0,0.0,9.060000133514404,0.0,9.060000133514404,0.0
470,6,5,2,0.0,0.0,0.0,18.40000025431315,0.0,18.40000025431315,0.0
471,6,6,0,0.0,0.0,0.0,0.5136363574049696,0.0,0.5136363574049696,0.0
472,6,6,1,0.0,0.0,0.0,9.5,0.0,9.5,0.0
473,6,6,2,0.0,0.0,0.0,6.024999976158142,0.0,6.024999976158142,0.0
474,6,7,0,0.0,0.0,0.0,0.6923076923076921,0.0,0.6923076923076921,0.0
475,6,7,1,0.0,0.0,0.0,47.0,0.0,47.0,0.0
476,6,7,2,0.0,0.0,0.0,17.399999936421715,0.0,17.399999936421715,0.0
477,6,8,0,0.0,0.0,0.0,0.6739130382952481,0.0,0.6739130382952481,0.0
478,6,8,1,0.0,0.0,0.0,19.52500009536743,0.0,19.52500009536743,0.0
479,6,8,2,0.0,0.0,0.0,6.933333237965902,0.0,6.933333237965902,0.0
480,6,9,0,0.0,0.0,0.0,1.6476190352723732,0.0,1.6476190352723732,0.0
481,6,9,1,0.0,0.0,0.0,14.671428407941548,0.0,14.671428407941548,0.0
482,6,9,2,0.0,0.0,0.0,37.350000381469734,0.0,37.350000381469734,0.0
483,6,10,0,0.0,0.0,0.0,26.450000762939453,0.0,26.450000762939453,0.0
484,6,10,1,0.0,0.0,0.0,0.9052631541302318,0.0,0.9052631541302318,0.0
485,6,10,2,0.0,0.0,0.0,9.777777777777779,0.0,9.777777777777779,0.0
486,6,11,0,0.0,0.0,0.0,1.0047618973822834,0.0,1.0047618973822834,0.0
487,6,11,1,0.0,0.0,0.0,9.399999976158142,0.0,9.399999976158142,0.0
488,6,11,2,0.0,0.0,0.0,25.70000076293945,0.0,25.70000076293945,0.0
489,6,12,0,0.0,0.0,0.0,4.053333292404812,0.0,4.053333292404812,0.0
490,6,12,1,0.0,0.0,0.0,53.79999923706055,0.0,53.79999923706055,0.0
491,6,12,2,0.0,0.0,0.0,29.69999980926514,0.0,29.69999980926514,0.0
492,6,13,0,0.0,0.0,0.0,2.708333327434958,0.0,2.708333327434958,0.0
493,6,13,1,0.0,0.0,0.0,66.40000152587889,0.0,66.40000152587889,0.0
494,6,13,2,0.0,0.0,0.0,27.84000015258789,0.0,27.84000015258789,0.0
495,6,14,0,0.0,0.0,0.0,0.7863636409694497,0.0,0.7863636409694497,0.0
496,6,14,1,0.0,0.0,0.0,12.199999945504324,0.0,12.199999945504324,0.0
497,6,14,2,0.0,0.0,0.0,41.5,0.0,41.5,0.0
498,6,15,0,0.0,0.0,0.0,0.18076923260321998,0.0,0.18076923260321998,0.0
499,6,15,1,0.0,0.0,0.0,30.899999618530273,0.0,30.899999618530273,0.0
500,6,15,2,0.0,0.0,0.0,13.333333333333334,0.0,13.333333333333334,0.0
501,6,16,0,0.0,0.0,0.0,0.9192307728987488,0.0,0.9192307728987488,0.0
502,6,16,1,0.0,0.0,0.0,74.69999694824219,0.0,74.69999694824219,0.0
503,6,16,2,0.0,0.0,0.0,16.0,0.0,16.0,0.0
504,6,17,0,0.0,0.0,0.0,0.14444444576899151,0.0,0.14444444576899151,0.0
505,6,17,1,0.0,0.0,0.0,15.400000027247836,0.0,15.400000027247836,0.0
506,6,17,2,0.0,0.0,0.0,4.803999996185302,0.0,4.803999996185302,0.0
507,6,18,0,0.0,0.0,0.0,0.18888888839218243,0.0,0.18888888839218243,0.0
508,6,18,1,0.0,0.0,0.0,15.50000047683716,0.0,15.50000047683716,0.0
509,6,18,2,0.0,0.0,0.0,4.972000026702881,0.0,4.972000026702881,0.0
510,6,19,0,0.0,0.0,0.0,5.203999996185303,0.0,5.203999996185303,0.0
511,6,19,1,0.0,0.0,0.0,0.23478260992661726,0.0,0.23478260992661726,0.0
512,6,19,2,0.0,0.0,0.0,18.200000286102295,0.0,18.200000286102295,0.0
513,6,20,0,0.0,0.0,0.0,0.5392307684971744,0.0,0.5392307684971744,0.0
514,6,20,1,0.0,0.0,0.0,29.0,0.0,29.0,0.0
515,6,20,2,0.0,0.0,0.0,9.566666603088379,0.0,9.566666603088379,0.0
516,6,21,0,0.0,0.0,0.0,0.40434782530950497,0.0,0.40434782530950497,0.0
517,6,21,1,0.0,0.0,0.0,6.500000158945721,0.0,6.500000158945721,0.0
518,6,21,2,0.0,0.0,0.0,18.200000762939453,0.0,18.200000762939453,0.0
519,6,22,0,0.0,0.0,0.0,0.34800000160932587,0.0,0.34800000160932587,0.0
520,6,22,1,0.0,0.0,0.0,27.066666920979817,0.0,27.066666920979817,0.0
521,6,22,2,0.0,0.0,0.0,11.599999904632568,0.0,11.599999904632568,0.0
522,6,23,0,0.0,0.0,0.0,1.6789473648134052,0.0,1.6789473648134052,0.0
523,6,23,1,0.0,0.0,0.0,12.36666668785943,0.0,12.36666668785943,0.0
524,6,23,2,0.0,0.0,0.0,25.20000076293945,0.0,25.20000076293945,0.0
525,6,24,0,0.0,0.0,0.0,11.74000005722046,0.0,11.74000005722046,0.0
526,6,24,1,0.0,0.0,0.0,25.20000076293945,0.0,25.20000076293945,0.0
527,6,24,2,0.0,0.0,0.0,1.3758333257089066,0.0,1.3758333257089066,0.0
528,6,25,0,0.0,0.0,0.0,0.5909090909090915,0.0,0.5909090909090915,0.0
529,6,25,1,0.0,0.0,0.0,16.799999237060547,0.0,16.799999237060547,0.0
530,6,25,2,0.0,0.0,0.0,5.474285636629378,0.0,5.474285636629378,0.0
531,6,26,0,0.0,0.0,0.0,0.1800000049173831,0.0,0.1800000049173831,0.0
532,6,26,1,0.0,0.0,0.0,28.149999618530277,0.0,28.149999618530277,0.0
533,6,26,2,0.0,0.0,0.0,5.952499985694885,0.0,5.952499985694885,0.0
534,6,27,0,0.0,0.0,0.0,7.1833334763844805,0.0,7.1833334763844805,0.0
535,6,27,1,0.0,0.0,0.0,27.299999872843426,0.0,27.299999872843426,0.0
536,6,27,2,0.0,0.0,0.0,0.35238095834141525,0.0,0.35238095834141525,0.0
537,6,28,0,0.0,0.0,0.0,0.5380952386629021,0.0,0.5380952386629021,0.0
538,6,28,1,0.0,0.0,0.0,27.5,0.0,27.5,0.0
539,6,28,2,0.0,0.0,0.0,11.48571423121861,0.0,11.48571423121861,0.0
540,6,29,0,0.0,0.0,0.0,8.96363639831543,0.0,8.96363639831543,0.0
541,6,29,1,0.0,0.0,0.0,22.300000190734863,0.0,22.300000190734863,0.0
542,6,29,2,0.0,0.0,0.0,0.476470601909301,0.0,0.476470601909301,0.0
543,6,30,0,0.0,0.0,0.0,15.249999761581421,0.0,15.249999761581421,0.0
544,6,30,1,0.0,0.0,0.0,38.599998474121094,0.0,38.599998474121094,0.0
545,6,30,2,0.0,0.0,0.0,1.9840000140666945,0.0,1.9840000140666945,0.0
546,7,1,0,0.0,0.0,0.0,0.5100000031292433,0.0,0.5100000031292433,0.0
547,7,1,1,0.0,0.0,0.0,9.09999990463257,0.0,9.09999990463257,0.0
548,7,1,2,0.0,0.0,0.0,5.225000023841858,0.0,5.225000023841858,0.0
549,7,2,0,0.0,0.0,0.0,0.31428571896893587,0.0,0.31428571896893587,0.0
550,7,2,1,0.0,0.0,0.0,13.433333555857338,0.0,13.433333555857338,0.0
551,7,2,2,0.0,0.0,0.0,6.566666603088379,0.0,6.566666603088379,0.0
552,7,3,0,0.0,0.0,0.0,0.4782608760439824,0.0,0.4782608760439824,0.0
553,7,3,1,0.0,0.0,0.0,5.439999961853028,0.0,5.439999961853028,0.0
554,7,3,2,0.0,0.0,0.0,15.0,0.0,15.0,0.0
555,7,4,0,0.0,0.0,0.0,0.22999999672174454,0.0,0.22999999672174454,0.0
556,7,4,1,0.0,0.0,0.0,6.849999845027924,0.0,6.849999845027924,0.0
557,7,4,2,0.0,0.0,0.0,17.5,0.0,17.5,0.0
558,7,5,0,0.0,0.0,0.0,0.5652173913043477,0.0,0.5652173913043477,0.0
559,7,5,1,0.0,0.0,0.0,29.20000076293945,0.0,29.20000076293945,0.0
560,7,5,2,0.0,0.0,0.0,12.140000152587891,0.0,12.140000152587891,0.0
561,7,6,0,0.0,0.0,0.0,0.2250000002483521,0.0,0.2250000002483521,0.0
562,7,6,1,0.0,0.0,0.0,11.633333524068195,0.0,11.633333524068195,0.0
563,7,6,2,0.0,0.0,0.0,4.100000063578287,0.0,4.100000063578287,0.0
564,7,7,0,0.0,0.0,0.0,1.981481485896638,0.0,1.981481485896638,0.0
565,7,7,1,0.0,0.0,0.0,51.599998474121094,0.0,51.599998474121094,0.0
566,7,7,2,0.0,0.0,0.0,120.0,0.0,120.0,0.0
567,7,8,0,0.0,0.0,0.0,0.3923076924223152,0.0,0.3923076924223152,0.0
568,7,8,1,0.0,0.0,0.0,28.0,0.0,28.0,0.0
569,7,8,2,0.0,0.0,0.0,15.300000190734865,0.0,15.300000190734865,0.0
570,7,9,0,0.0,0.0,0.0,3.0666666825612388,0.0,3.0666666825612388,0.0
571,7,9,1,0.0,0.0,0.0,12.049999713897705,0.0,12.049999713897705,0.0
572,7,9,2,0.0,0.0,0.0,0.23043477988761407,0.0,0.23043477988761407,0.0
573,7,10,0,0.0,0.0,0.0,0.18518518739276524,0.0,0.18518518739276524,0.0
574,7,10,1,0.0,0.0,0.0,25.70000076293945,0.0,25.70000076293945,0.0
575,7,10,2,0.0,0.0,0.0,6.599999904632568,0.0,6.599999904632568,0.0
576,7,11,0,0.0,0.0,0.0,0.17083333494762654,0.0,0.17083333494762654,0.0
577,7,11,1,0.0,0.0,0.0,10.5,0.0,10.5,0.0
578,7,11,2,0.0,0.0,0.0,6.299999952316284,0.0,6.299999952316284,0.0
579,7,12,0,0.0,0.0,0.0,0.45384615774337966,0.0,0.45384615774337966,0.0
580,7,12,1,0.0,0.0,0.0,25.0,0.0,25.0,0.0
581,7,12,2,0.0,0.0,0.0,10.549999713897705,0.0,10.549999713897705,0.0
582,7,13,0,0.0,0.0,0.0,0.02608695755834045,0.0,0.02608695755834045,0.0
583,7,13,1,0.0,0.0,0.0,34.54999923706055,0.0,34.54999923706055,0.0
584,7,13,2,0.0,0.0,0.0,6.379999923706055,0.0,6.379999923706055,0.0
585,7,14,0,0.0,0.0,0.0,0.5166666756073623,0.0,0.5166666756073623,0.0
586,7,14,1,0.0,0.0,0.0,35.20000076293945,0.0,35.20000076293945,0.0
587,7,14,2,0.0,0.0,0.0,7.5000001907348635,0.0,7.5000001907348635,0.0
588,7,15,0,0.0,0.0,0.0,7.428571428571429,0.0,7.428571428571429,0.0
589,7,15,1,0.0,0.0,0.0,34.900001525878906,0.0,34.900001525878906,0.0
590,7,15,2,0.0,0.0,0.0,0.4818181883205077,0.0,0.4818181883205077,0.0
591,7,16,0,0.0,0.0,0.0,8.549999952316284,0.0,8.549999952316284,0.0
592,7,16,1,0.0,0.0,0.0,0.12000000476837291,0.0,0.12000000476837291,0.0
593,7,16,2,0.0,0.0,0.0,38.599998474121094,0.0,38.599998474121094,0.0
594,7,17,0,0.0,0.0,0.0,0.15769230517057264,0.0,0.15769230517057264,0.0
595,7,17,1,0.0,0.0,0.0,8.100000381469728,0.0,8.100000381469728,0.0
596,7,17,2,0.0,0.0,0.0,5.099999904632568,0.0,5.099999904632568,0.0
597,7,18,0,0.0,0.0,0.0,0.02105263189265516,0.0,0.02105263189265516,0.0
598,7,18,1,0.0,0.0,0.0,20.7000002861023,0.0,20.7000002861023,0.0
599,7,18,2,0.0,0.0,0.0,3.315555493036906,0.0,3.315555493036906,0.0
600,7,19,0,0.0,0.0,0.0,0.19230769689266403,0.0,0.19230769689266403,0.0
601,7,19,1,0.0,0.0,0.0,31.70000076293945,0.0,31.70000076293945,0.0
602,7,19,2,0.0,0.0,0.0,18.90000057220459,0.0,18.90000057220459,0.0
603,7,20,0,0.0,0.0,0.0,15.300000190734865,0.0,15.300000190734865,0.0
604,7,20,1,0.0,0.0,0.0,0.9142857311027395,0.0,0.9142857311027395,0.0
605,7,20,2,0.0,0.0,0.0,30.79999923706055,0.0,30.79999923706055,0.0
606,7,21,0,0.0,0.0,0.0,0.382307681899805,0.0,0.382307681899805,0.0
607,7,21,1,0.0,0.0,0.0,20.799999237060547,0.0,20.799999237060547,0.0
608,7,21,2,0.0,0.0,0.0,7.933333079020183,0.0,7.933333079020183,0.0
609,7,22,0,0.0,0.0,0.0,2.5199999809265137,0.0,2.5199999809265137,0.0
610,7,22,1,0.0,0.0,0.0,0.05454545671289601,0.0,0.05454545671289601,0.0
611,7,22,2,0.0,0.0,0.0,8.366666793823242,0.0,8.366666793823242,0.0
612,7,23,0,0.0,0.0,0.0,0.0,0.0,0.0,0.0
613,7,23,1,0.0,0.0,0.0,41.099998474121094,0.0,41.099998474121094,0.0
614,7,23,2,0.0,0.0,0.0,0.4000000059604645,0.0,0.4000000059604645,0.0
615,7,24,0,0.0,0.0,0.0,0.07142857142857173,0.0,0.07142857142857173,0.0
616,7,24,1,0.0,0.0,0.0,12.199999809265135,0.0,12.199999809265135,0.0
617,7,24,2,0.0,0.0,0.0,5.199999809265137,0.0,5.199999809265137,0.0
618,7,25,0,0.0,0.0,0.0,0.2464285684483407,0.0,0.2464285684483407,0.0
619,7,25,1,0.0,0.0,0.0,29.0,0.0,29.0,0.0
620,7,25,2,0.0,0.0,0.0,38.400001525878906,0.0,38.400001525878906,0.0
621,7,26,0,0.0,0.0,0.0,8.881784197001252e-16,0.0,8.881784197001252e-16,0.0
622,7,26,1,0.0,0.0,0.0,54.5,0.0,54.5,0.0
623,7,26,2,0.0,0.0,0.0,3.5999999046325684,0.0,3.5999999046325684,0.0
624,7,27,0,0.0,0.0,0.0,0.1541666723787789,0.0,0.1541666723787789,0.0
625,7,27,1,0.0,0.0,0.0,27.399999618530273,0.0,27.399999618530273,0.0
626,7,27,2,0.0,0.0,0.0,5.099999904632568,0.0,5.099999904632568,0.0
627,7,28,0,0.0,0.0,0.0,12.199999809265135,0.0,12.199999809265135,0.0
628,7,28,1,0.0,0.0,0.0,0.12000000476837136,0.0,0.12000000476837136,0.0
629,7,28,2,0.0,0.0,0.0,5.833333333333334,0.0,5.833333333333334,0.0
630,7,29,0,0.0,0.0,0.0,7.4000000953674325,0.0,7.4000000953674325,0.0
631,7,29,1,0.0,0.0,0.0,0.055555556107450554,0.0,0.055555556107450554,0.0
632,7,29,2,0.0,0.0,0.0,4.199999809265137,0.0,4.199999809265137,0.0
633,7,30,0,0.0,0.0,0.0,0.12222222487131784,0.0,0.12222222487131784,0.0
634,7,30,1,0.0,0.0,0.0,65.19999694824219,0.0,65.19999694824219,0.0
635,7,30,2,0.0,0.0,0.0,17.799999237060547,0.0,17.799999237060547,0.0
636,7,31,0,0.0,0.0,0.0,0.024000000953673162,0.0,0.024000000953673162,0.0
637,7,31,1,0.0,0.0,0.0,25.1999994913737,0.0,25.1999994913737,0.0
638,7,31,2,0.0,0.0,0.0,6.0,0.0,6.0,0.0
639,8,1,0,0.0,0.0,0.0,0.15555555676972377,0.0,0.15555555676972377,0.0
640,8,1,1,0.0,0.0,0.0,23.20000076293945,0.0,23.20000076293945,0.0
641,8,1,2,0.0,0.0,0.0,9.0,0.0,9.0,0.0
642,8,2,0,0.0,0.0,0.0,7.650000095367432,0.0,7.650000095367432,0.0
643,8,2,1,0.0,0.0,0.0,24.20000076293945,0.0,24.20000076293945,0.0
644,8,2,2,0.0,0.0,0.0,0.162962964287511,0.0,0.162962964287511,0.0
645,8,3,0,0.0,0.0,0.0,10.399999618530273,0.0,10.399999618530273,0.0
646,8,3,1,0.0,0.0,0.0,0.060714285288538394,0.0,0.060714285288538394,0.0
647,8,3,2,0.0,0.0,0.0,2.5999999046325684,0.0,2.5999999046325684,0.0
648,8,4,0,0.0,0.0,0.0,0.030769231800849672,0.0,0.030769231800849672,0.0
649,8,4,1,0.0,0.0,0.0,4.399999976158142,0.0,4.399999976158142,0.0
650,8,4,2,0.0,0.0,0.0,1.699999988079071,0.0,1.699999988079071,0.0
651,8,5,0,0.0,0.0,0.0,15.93333339691162,0.0,15.93333339691162,0.0
652,8,5,1,0.0,0.0,0.0,0.7461538372131478,0.0,0.7461538372131478,0.0
653,8,5,2,0.0,0.0,0.0,29.20000076293945,0.0,29.20000076293945,0.0
654,8,6,0,0.0,0.0,0.0,0.03333333383003989,0.0,0.03333333383003989,0.0
655,8,6,1,0.0,0.0,0.0,13.6,0.0,13.6,0.0
656,8,6,2,0.0,0.0,0.0,7.0,0.0,7.0,0.0
657,8,7,0,0.0,0.0,0.0,0.30833333730697365,0.0,0.30833333730697365,0.0
658,8,7,1,0.0,0.0,0.0,114.0,0.0,114.0,0.0
659,8,7,2,0.0,0.0,0.0,9.780000019073485,0.0,9.780000019073485,0.0
660,8,8,0,0.0,0.0,0.0,29.20000076293945,0.0,29.20000076293945,0.0
661,8,8,1,0.0,0.0,0.0,0.46400000214576753,0.0,0.46400000214576753,0.0
662,8,8,2,0.0,0.0,0.0,7.075000047683716,0.0,7.075000047683716,0.0
663,8,9,0,0.0,0.0,0.0,0.5296296300711447,0.0,0.5296296300711447,0.0
664,8,9,1,0.0,0.0,0.0,19.75,0.0,19.75,0.0
665,8,9,2,0.0,0.0,0.0,12.199999809265135,0.0,12.199999809265135,0.0
666,8,10,0,0.0,0.0,0.0,-1.1102230246251565e-16,0.0,-1.1102230246251565e-16,0.0
667,8,10,1,0.0,0.0,0.0,18.0,0.0,18.0,0.0
668,8,10,2,0.0,0.0,0.0,2.5,0.0,2.5,0.0
669,8,11,0,0.0,0.0,0.0,0.14799999833107047,0.0,0.14799999833107047,0.0
670,8,11,1,0.0,0.0,0.0,11.099999904632568,0.0,11.099999904632568,0.0
671,8,11,2,0.0,0.0,0.0,4.6333333651224775,0.0,4.6333333651224775,0.0
672,8,12,0,0.0,0.0,0.0,3.6999999284744263,0.0,3.6999999284744263,0.0
673,8,12,1,0.0,0.0,0.0,0.0,0.0,0.0,0.0
674,8,12,2,0.0,0.0,0.0,1.3333333333333335,0.0,1.3333333333333335,0.0
675,8,13,0,0.0,0.0,0.0,0.0923076925369406,0.0,0.0923076925369406,0.0
676,8,13,1,0.0,0.0,0.0,12.199999809265138,0.0,12.199999809265138,0.0
677,8,13,2,0.0,0.0,0.0,5.400000095367432,0.0,5.400000095367432,0.0
678,8,14,0,0.0,0.0,0.0,11.800000190734863,0.0,11.800000190734863,0.0
679,8,14,1,0.0,0.0,0.0,0.12800000429153502,0.0,0.12800000429153502,0.0
680,8,14,2,0.0,0.0,0.0,6.375,0.0,6.375,0.0
681,8,15,0,0.0,0.0,0.0,0.068000001907349,0.0,0.068000001907349,0.0
682,8,15,1,0.0,0.0,0.0,9.325000166893005,0.0,9.325000166893005,0.0
683,8,15,2,0.0,0.0,0.0,28.20000076293945,0.0,28.20000076293945,0.0
684,8,16,0,0.0,0.0,0.0,0.21818182007833054,0.0,0.21818182007833054,0.0
685,8,16,1,0.0,0.0,0.0,17.399999618530273,0.0,17.399999618530273,0.0
686,8,16,2,0.0,0.0,0.0,9.233333269755047,0.0,9.233333269755047,0.0
687,8,17,0,0.0,0.0,0.0,0.21599999725818586,0.0,0.21599999725818586,0.0
688,8,17,1,0.0,0.0,0.0,9.625000238418579,0.0,9.625000238418579,0.0
689,8,17,2,0.0,0.0,0.0,27.5,0.0,27.5,0.0
690,8,18,0,0.0,0.0,0.0,11.733333269755047,0.0,11.733333269755047,0.0
691,8,18,1,0.0,0.0,0.0,0.33600000202655567,0.0,0.33600000202655567,0.0
692,8,18,2,0.0,0.0,0.0,39.89999961853027,0.0,39.89999961853027,0.0
693,8,19,0,0.0,0.0,0.0,0.35253333866596304,0.0,0.35253333866596304,0.0
694,8,19,1,0.0,0.0,0.0,35.53333282470704,0.0,35.53333282470704,0.0
695,8,19,2,0.0,0.0,0.0,9.350000381469727,0.0,9.350000381469727,0.0
696,8,20,0,0.0,0.0,0.0,3.250000043106933,0.0,3.250000043106933,0.0
697,8,20,1,0.0,0.0,0.0,116.0999984741211,0.0,116.0999984741211,0.0
698,8,20,2,0.0,0.0,0.0,57.5,0.0,57.5,0.0
699,8,21,0,0.0,0.0,0.0,2.0115384505345233,0.0,2.0115384505345233,0.0
700,8,21,1,0.0,0.0,0.0,130.19999694824222,0.0,130.19999694824222,0.0
701,8,21,2,0.0,0.0,0.0,39.43333435058594,0.0,39.43333435058594,0.0
702,8,22,0,0.0,0.0,0.0,1.228571414947507,0.0,1.228571414947507,0.0
703,8,22,1,0.0,0.0,0.0,89.69999694824219,0.0,89.69999694824219,0.0
704,8,22,2,0.0,0.0,0.0,34.200000762939446,0.0,34.200000762939446,0.0
705,8,23,0,0.0,0.0,0.0,0.5538461466248199,0.0,0.5538461466248199,0.0
706,8,23,1,0.0,0.0,0.0,21.999999999999996,0.0,21.999999999999996,0.0
707,8,23,2,0.0,0.0,0.0,64.69999694824219,0.0,64.69999694824219,0.0
708,8,24,0,0.0,0.0,0.0,1.584615362378262,0.0,1.584615362378262,0.0
709,8,24,1,0.0,0.0,0.0,43.43333307902019,0.0,43.43333307902019,0.0
710,8,24,2,0.0,0.0,0.0,94.5,0.0,94.5,0.0
711,8,25,0,0.0,0.0,0.0,0.9038461429568425,0.0,0.9038461429568425,0.0
712,8,25,1,0.0,0.0,0.0,21.266666412353516,0.0,21.266666412353516,0.0
713,8,25,2,0.0,0.0,0.0,55.0,0.0,55.0,0.0
714,8,26,0,0.0,0.0,0.0,1.8360000038147,0.0,1.8360000038147,0.0
715,8,26,1,0.0,0.0,0.0,27.849999427795414,0.0,27.849999427795414,0.0
716,8,26,2,0.0,0.0,0.0,58.599998474121094,0.0,58.599998474121094,0.0
717,8,27,0,0.0,0.0,0.0,17.966666857401528,0.0,17.966666857401528,0.0
718,8,27,1,0.0,0.0,0.0,39.23333231608073,0.0,39.23333231608073,0.0
719,8,27,2,0.0,0.0,0.0,1.1416666706403111,0.0,1.1416666706403111,0.0
720,8,28,0,0.0,0.0,0.0,1.0523809570641713,0.0,1.0523809570641713,0.0
721,8,28,1,0.0,0.0,0.0,35.5,0.0,35.5,0.0
722,8,28,2,0.0,0.0,0.0,14.066666920979818,0.0,14.066666920979818,0.0
723,8,29,0,0.0,0.0,0.0,1.6761904614312364,0.0,1.6761904614312364,0.0
724,8,29,1,0.0,0.0,0.0,55.58000106811523,0.0,55.58000106811523,0.0
725,8,29,2,0.0,0.0,0.0,22.59999942779541,0.0,22.59999942779541,0.0
726,8,30,0,0.0,0.0,0.0,0.8428571522235888,0.0,0.8428571522235888,0.0
727,8,30,1,0.0,0.0,0.0,61.333334604899086,0.0,61.333334604899086,0.0
728,8,30,2,0.0,0.0,0.0,22.600000381469727,0.0,22.600000381469727,0.0
729,8,31,0,0.0,0.0,0.0,0.2777777777777768,0.0,0.2777777777777768,0.0
730,8,31,1,0.0,0.0,0.0,21.399999618530273,0.0,21.399999618530273,0.0
731,8,31,2,0.0,0.0,0.0,5.688888894187079,0.0,5.688888894187079,0.0
732,9,1,0,0.0,0.0,0.0,13.639999771118163,0.0,13.639999771118163,0.0
733,9,1,1,0.0,0.0,0.0,1.3291666759178042,0.0,1.3291666759178042,0.0
734,9,1,2,0.0,0.0,0.0,42.5,0.0,42.5,0.0
735,9,2,0,0.0,0.0,0.0,9.871428421565465,0.0,9.871428421565465,0.0
736,9,2,1,0.0,0.0,0.0,0.5095238117944643,0.0,0.5095238117944643,0.0
737,9,2,2,0.0,0.0,0.0,35.25,0.0,35.25,0.0
738,9,3,0,0.0,0.0,0.0,0.8559999996423735,0.0,0.8559999996423735,0.0
739,9,3,1,0.0,0.0,0.0,22.5,0.0,22.5,0.0
740,9,3,2,0.0,0.0,0.0,14.733333587646484,0.0,14.733333587646484,0.0
741,9,4,0,0.0,0.0,0.0,0.46071428619325294,0.0,0.46071428619325294,0.0
742,9,4,1,0.0,0.0,0.0,60.20000076293945,0.0,60.20000076293945,0.0
743,9,4,2,0.0,0.0,0.0,31.899999618530273,0.0,31.899999618530273,0.0
744,9,5,0,0.0,0.0,0.0,3.719999980926514,0.0,3.719999980926514,0.0
745,9,5,1,0.0,0.0,0.0,0.09130434627118267,0.0,0.09130434627118267,0.0
746,9,5,2,0.0,0.0,0.0,13.150000095367433,0.0,13.150000095367433,0.0
747,9,6,0,0.0,0.0,0.0,0.6409090838649067,0.0,0.6409090838649067,0.0
748,9,6,1,0.0,0.0,0.0,16.199999945504324,0.0,16.199999945504324,0.0
749,9,6,2,0.0,0.0,0.0,48.20000076293945,0.0,48.20000076293945,0.0
750,9,7,0,0.0,0.0,0.0,1.3249999980131753,0.0,1.3249999980131753,0.0
751,9,7,1,0.0,0.0,0.0,32.2,0.0,32.2,0.0
752,9,7,2,0.0,0.0,0.0,53.9000015258789,0.0,53.9000015258789,0.0
753,9,8,0,0.0,0.0,0.0,0.43478260480839115,0.0,0.43478260480839115,0.0
754,9,8,1,0.0,0.0,0.0,45.0,0.0,45.0,0.0
755,9,8,2,0.0,0.0,0.0,11.060000038146974,0.0,11.060000038146974,0.0
756,9,9,0,0.0,0.0,0.0,0.7897222240765913,0.0,0.7897222240765913,0.0
757,9,9,1,0.0,0.0,0.0,39.14999961853027,0.0,39.14999961853027,0.0
758,9,9,2,0.0,0.0,0.0,13.649999618530273,0.0,13.649999618530273,0.0
759,9,10,0,0.0,0.0,0.0,1.0649382626568817,0.0,1.0649382626568817,0.0
760,9,10,1,0.0,0.0,0.0,28.00000095367432,0.0,28.00000095367432,0.0
761,9,10,2,0.0,0.0,0.0,69.80000305175781,0.0,69.80000305175781,0.0
762,9,11,0,0.0,0.0,0.0,0.7130864119088214,0.0,0.7130864119088214,0.0
763,9,11,1,0.0,0.0,0.0,37.20000076293945,0.0,37.20000076293945,0.0
764,9,11,2,0.0,0.0,0.0,13.0,0.0,13.0,0.0
765,9,12,0,0.0,0.0,0.0,4.963333249092102,0.0,4.963333249092102,0.0
766,9,12,1,0.0,0.0,0.0,0.37916666579743175,0.0,0.37916666579743175,0.0
767,9,12,2,0.0,0.0,0.0,12.650000095367433,0.0,12.650000095367433,0.0
768,9,13,0,0.0,0.0,0.0,0.6649382710456848,0.0,0.6649382710456848,0.0
769,9,13,1,0.0,0.0,0.0,21.399999618530273,0.0,21.399999618530273,0.0
770,9,13,2,0.0,0.0,0.0,39.0,0.0,39.0,0.0
771,9,14,0,0.0,0.0,0.0,1.1612345487983142,0.0,1.1612345487983142,0.0
772,9,14,1,0.0,0.0,0.0,55.79999923706055,0.0,55.79999923706055,0.0
773,9,14,2,0.0,0.0,0.0,15.799999713897705,0.0,15.799999713897705,0.0
774,9,15,0,0.0,0.0,0.0,1.3627777670820564,0.0,1.3627777670820564,0.0
775,9,15,1,0.0,0.0,0.0,10.040000152587893,0.0,10.040000152587893,0.0
776,9,15,2,0.0,0.0,0.0,23.0,0.0,23.0,0.0
777,9,16,0,0.0,0.0,0.0,0.29473684179155324,0.0,0.29473684179155324,0.0
778,9,16,1,0.0,0.0,0.0,19.179999923706053,0.0,19.179999923706053,0.0
779,9,16,2,0.0,0.0,0.0,5.184444348017375,0.0,5.184444348017375,0.0
780,9,17,0,0.0,0.0,0.0,2.359047632132258,0.0,2.359047632132258,0.0
781,9,17,1,0.0,0.0,0.0,86.0999984741211,0.0,86.0999984741211,0.0
782,9,17,2,0.0,0.0,0.0,49.0,0.0,49.0,0.0
783,9,18,0,0.0,0.0,0.0,2.128405757572339,0.0,2.128405757572339,0.0
784,9,18,1,0.0,0.0,0.0,24.016666730244953,0.0,24.016666730244953,0.0
785,9,18,2,0.0,0.0,0.0,70.80000305175781,0.0,70.80000305175781,0.0
786,9,19,0,0.0,0.0,0.0,33.70000076293945,0.0,33.70000076293945,0.0
787,9,19,1,0.0,0.0,0.0,1.5020512835337598,0.0,1.5020512835337598,0.0
788,9,19,2,0.0,0.0,0.0,78.0,0.0,78.0,0.0
789,9,20,0,0.0,0.0,0.0,1.3982716059243225,0.0,1.3982716059243225,0.0
790,9,20,1,0.0,0.0,0.0,42.0,0.0,42.0,0.0
791,9,20,2,0.0,0.0,0.0,16.90000009536743,0.0,16.90000009536743,0.0
792,9,21,0,0.0,0.0,0.0,1.5482051332409545,0.0,1.5482051332409545,0.0
793,9,21,1,0.0,0.0,0.0,86.0,0.0,86.0,0.0
794,9,21,2,0.0,0.0,0.0,27.466666539510094,0.0,27.466666539510094,0.0
795,9,22,0,0.0,0.0,0.0,0.7433333214033713,0.0,0.7433333214033713,0.0
796,9,22,1,0.0,0.0,0.0,45.86666615804037,0.0,45.86666615804037,0.0
797,9,22,2,0.0,0.0,0.0,13.05999984741211,0.0,13.05999984741211,0.0
798,9,23,0,0.0,0.0,0.0,0.7153622903253662,0.0,0.7153622903253662,0.0
799,9,23,1,0.0,0.0,0.0,49.8000005086263,0.0,49.8000005086263,0.0
800,9,23,2,0.0,0.0,0.0,29.524999141693115,0.0,29.524999141693115,0.0
801,9,24,0,0.0,0.0,0.0,1.0897222161293012,0.0,1.0897222161293012,0.0
802,9,24,1,0.0,0.0,0.0,151.0,0.0,151.0,0.0
803,9,24,2,0.0,0.0,0.0,38.34000091552734,0.0,38.34000091552734,0.0
804,9,25,0,0.0,0.0,0.0,1.7597435933466148,0.0,1.7597435933466148,0.0
805,9,25,1,0.0,0.0,0.0,217.0,0.0,217.0,0.0
806,9,25,2,0.0,0.0,0.0,36.033333460489914,0.0,36.033333460489914,0.0
807,9,26,0,0.0,0.0,0.0,0.8897222112864229,0.0,0.8897222112864229,0.0
808,9,26,1,0.0,0.0,0.0,55.0,0.0,55.0,0.0
809,9,26,2,0.0,0.0,0.0,14.299999809265136,0.0,14.299999809265136,0.0
810,9,27,0,0.0,0.0,0.0,0.9544444382190678,0.0,0.9544444382190678,0.0
811,9,27,1,0.0,0.0,0.0,62.03333282470703,0.0,62.03333282470703,0.0
812,9,27,2,0.0,0.0,0.0,18.56666692097982,0.0,18.56666692097982,0.0
813,9,28,0,0.0,0.0,0.0,36.39999961853027,0.0,36.39999961853027,0.0
814,9,28,1,0.0,0.0,0.0,95.0999984741211,0.0,95.0999984741211,0.0
815,9,28,2,0.0,0.0,0.0,1.7901332938671146,0.0,1.7901332938671146,0.0
816,9,29,0,0.0,0.0,0.0,0.9296969500454946,0.0,0.9296969500454946,0.0
817,9,29,1,0.0,0.0,0.0,76.10000101725261,0.0,76.10000101725261,0.0
818,9,29,2,0.0,0.0,0.0,18.8,0.0,18.8,0.0
819,9,30,0,0.0,0.0,0.0,0.8421333020925541,0.0,0.8421333020925541,0.0
820,9,30,1,0.0,0.0,0.0,45.64999961853027,0.0,45.64999961853027,0.0
821,9,30,2,0.0,0.0,0.0,25.333333333333336,0.0,25.333333333333336,0.0
822,10,1,0,0.0,0.0,0.0,0.43333332666329216,0.0,0.43333332666329216,0.0
823,10,1,1,0.0,0.0,0.0,23.2,0.0,23.2,0.0
824,10,1,2,0.0,0.0,0.0,6.664655327796936,0.0,6.664655327796936,0.0
825,10,2,0,0.0,0.0,0.0,2.137331338680311,0.0,2.137331338680311,0.0
826,10,2,1,0.0,0.0,0.0,23.416666666666664,0.0,23.416666666666664,0.0
827,10,2,2,0.0,0.0,0.0,51.5,0.0,51.5,0.0
828,10,3,0,0.0,0.0,0.0,68.86666615804037,0.0,68.86666615804037,0.0
829,10,3,1,0.0,0.0,0.0,0.8851574299776033,0.0,0.8851574299776033,0.0
830,10,3,2,0.0,0.0,0.0,27.0,0.0,27.0,0.0
831,10,4,0,0.0,0.0,0.0,7.925078348679976,0.0,7.925078348679976,0.0
832,10,4,1,0.0,0.0,0.0,25.649999618530273,0.0,25.649999618530273,0.0
833,10,4,2,0.0,0.0,0.0,0.6705882338916549,0.0,0.6705882338916549,0.0
834,10,5,0,0.0,0.0,0.0,2.257993763143368,0.0,2.257993763143368,0.0
835,10,5,1,0.0,0.0,0.0,55.35000038146973,0.0,55.35000038146973,0.0
836,10,5,2,0.0,0.0,0.0,14.166666666666668,0.0,14.166666666666668,0.0
837,10,6,0,0.0,0.0,0.0,2.6753918352452253,0.0,2.6753918352452253,0.0
838,10,6,1,0.0,0.0,0.0,37.11428615025112,0.0,37.11428615025112,0.0
839,10,6,2,0.0,0.0,0.0,116.4000015258789,0.0,116.4000015258789,0.0
840,10,7,0,0.0,0.0,0.0,1.0372413953145383,0.0,1.0372413953145383,0.0
841,10,7,1,0.0,0.0,0.0,30.924999952316284,0.0,30.924999952316284,0.0
842,10,7,2,0.0,0.0,0.0,12.342857224600655,0.0,12.342857224600655,0.0
843,10,8,0,0.0,0.0,0.0,84.30000305175781,0.0,84.30000305175781,0.0
844,10,8,1,0.0,0.0,0.0,2.152664582837712,0.0,2.152664582837712,0.0
845,10,8,2,0.0,0.0,0.0,29.885714394705637,0.0,29.885714394705637,0.0
846,10,9,0,0.0,0.0,0.0,16.599999957614475,0.0,16.599999957614475,0.0
847,10,9,1,0.0,0.0,0.0,69.1999994913737,0.0,69.1999994913737,0.0
848,10,9,2,0.0,0.0,0.0,1.5532567103703787,0.0,1.5532567103703787,0.0
849,10,10,0,0.0,0.0,0.0,11.355555534362793,0.0,11.355555534362793,0.0
850,10,10,1,0.0,0.0,0.0,44.89999961853027,0.0,44.89999961853027,0.0
851,10,10,2,0.0,0.0,0.0,0.795131880570862,0.0,0.795131880570862,0.0
852,10,11,0,0.0,0.0,0.0,3.032860079232382,0.0,3.032860079232382,0.0
853,10,11,1,0.0,0.0,0.0,22.91818176616322,0.0,22.91818176616322,0.0
854,10,11,2,0.0,0.0,0.0,62.400001525878906,0.0,62.400001525878906,0.0
855,10,12,0,0.0,0.0,0.0,4.096238288012424,0.0,4.096238288012424,0.0
856,10,12,1,0.0,0.0,0.0,65.13999938964844,0.0,65.13999938964844,0.0
857,10,12,2,0.0,0.0,0.0,48.233333587646484,0.0,48.233333587646484,0.0
858,10,13,0,0.0,0.0,0.0,2.5757183960328494,0.0,2.5757183960328494,0.0
859,10,13,1,0.0,0.0,0.0,102.1500015258789,0.0,102.1500015258789,0.0
860,10,13,2,0.0,0.0,0.0,32.075000286102295,0.0,32.075000286102295,0.0
861,10,14,0,0.0,0.0,0.0,2.800718419874711,0.0,2.800718419874711,0.0
862,10,14,1,0.0,0.0,0.0,45.75,0.0,45.75,0.0
863,10,14,2,0.0,0.0,0.0,62.0,0.0,62.0,0.0
864,10,15,0,0.0,0.0,0.0,1.4454023308224109,0.0,1.4454023308224109,0.0
865,10,15,1,0.0,0.0,0.0,54.900000254313156,0.0,54.900000254313156,0.0
866,10,15,2,0.0,0.0,0.0,22.5,0.0,22.5,0.0
867,10,16,0,0.0,0.0,0.0,5.582601980729532,0.0,5.582601980729532,0.0
868,10,16,1,0.0,0.0,0.0,75.85000133514404,0.0,75.85000133514404,0.0
869,10,16,2,0.0,0.0,0.0,36.82500076293945,0.0,36.82500076293945,0.0
870,10,17,0,0.0,0.0,0.0,5.3721139120019,0.0,5.3721139120019,0.0
871,10,17,1,0.0,0.0,0.0,57.43333371480307,0.0,57.43333371480307,0.0
872,10,17,2,0.0,0.0,0.0,99.6999969482422,0.0,99.6999969482422,0.0
873,10,18,0,0.0,0.0,0.0,20.649999936421715,0.0,20.649999936421715,0.0
874,10,18,1,0.0,0.0,0.0,4.643573644486339,0.0,4.643573644486339,0.0
875,10,18,2,0.0,0.0,0.0,72.95000076293945,0.0,72.95000076293945,0.0
876,10,19,0,0.0,0.0,0.0,2.7708620965480755,0.0,2.7708620965480755,0.0
877,10,19,1,0.0,0.0,0.0,97.0,0.0,97.0,0.0
878,10,19,2,0.0,0.0,0.0,25.16249990463257,0.0,25.16249990463257,0.0
879,10,20,0,0.0,0.0,0.0,37.81666692097981,0.0,37.81666692097981,0.0
880,10,20,1,0.0,0.0,0.0,1.9304260059314622,0.0,1.9304260059314622,0.0
881,10,20,2,0.0,0.0,0.0,13.957142966134208,0.0,13.957142966134208,0.0
882,10,21,0,0.0,0.0,0.0,21.166666666666668,0.0,21.166666666666668,0.0
883,10,21,1,0.0,0.0,0.0,68.35000038146973,0.0,68.35000038146973,0.0
884,10,21,2,0.0,0.0,0.0,2.7258621126413356,0.0,2.7258621126413356,0.0
885,10,22,0,0.0,0.0,0.0,116.50000000000003,0.0,116.50000000000003,0.0
886,10,22,1,0.0,0.0,0.0,6.719923377037045,0.0,6.719923377037045,0.0
887,10,22,2,0.0,0.0,0.0,37.75555483500163,0.0,37.75555483500163,0.0
888,10,23,0,0.0,0.0,0.0,4.6242878676756565,0.0,4.6242878676756565,0.0
889,10,23,1,0.0,0.0,0.0,127.80000305175781,0.0,127.80000305175781,0.0
890,10,23,2,0.0,0.0,0.0,32.37999992370605,0.0,32.37999992370605,0.0
891,10,24,0,0.0,0.0,0.0,4.6066092103719765,0.0,4.6066092103719765,0.0
892,10,24,1,0.0,0.0,0.0,44.3,0.0,44.3,0.0
893,10,24,2,0.0,0.0,0.0,97.8000030517578,0.0,97.8000030517578,0.0
894,10,25,0,0.0,0.0,0.0,2.198029569217132,0.0,2.198029569217132,0.0
895,10,25,1,0.0,0.0,0.0,52.20000012715658,0.0,52.20000012715658,0.0
896,10,25,2,0.0,0.0,0.0,22.366666793823242,0.0,22.366666793823242,0.0
897,10,26,0,0.0,0.0,0.0,0.36000000275671473,0.0,0.36000000275671473,0.0
898,10,26,1,0.0,0.0,0.0,24.5,0.0,24.5,0.0
899,10,26,2,0.0,0.0,0.0,7.782327651977539,0.0,7.782327651977539,0.0
900,10,27,0,0.0,0.0,0.0,52.42000045776366,0.0,52.42000045776366,0.0
901,10,27,1,0.0,0.0,0.0,3.7740365266799873,0.0,3.7740365266799873,0.0
902,10,27,2,0.0,0.0,0.0,20.37499988079071,0.0,20.37499988079071,0.0
903,10,28,0,0.0,0.0,0.0,1.9372413565715174,0.03333333333333334,1.9705746899048435,0.0
904,10,28,1,0.0,0.0,0.0,54.119999694824216,0.0,54.11999969482423,0.0
905,10,28,2,0.0,0.0,0.0,21.850000286102297,0.0,21.850000286102297,0.0
906,10,29,0,0.0,0.0,0.0,7.889942533026144,0.0,7.889942533026144,0.0
907,10,29,1,0.0,0.0,0.0,53.980000305175786,0.0,53.980000305175786,0.0
908,10,29,2,0.0,0.0,0.0,105.0,0.0,105.0,0.0
909,10,30,0,0.0,0.0,0.0,6.062931054830553,0.0,6.062931054830553,0.0
910,10,30,1,0.0,0.0,0.0,90.26666768391927,0.0,90.26666768391927,0.0
911,10,30,2,0.0,0.0,0.0,46.414285387311665,0.0,46.414285387311665,0.0
912,10,31,0,0.0,0.0,0.0,47.66666793823242,0.0,47.66666793823242,0.0
913,10,31,1,0.0,0.0,0.0,1.0305747469266269,0.0,1.0305747469266269,0.0
914,10,31,2,0.0,0.0,0.0,15.15833314259847,0.0,15.15833314259847,0.0
915,11,1,0,0.0,0.0,0.0,3.277504129069193,0.0,3.277504129069193,0.0
916,11,1,1,0.0,0.0,0.0,25.199999809265137,0.0,25.199999809265137,0.0
917,11,1,2,0.0,0.0,0.0,51.79999923706055,0.0,51.79999923706055,0.0
918,11,2,0,0.0,0.0,0.0,31.436363740400836,0.0,31.436363740400836,0.0
919,11,2,1,0.0,0.0,0.0,122.6999969482422,0.0,122.6999969482422,0.0
920,11,2,2,0.0,0.0,0.0,3.0086206860012528,0.0,3.0086206860012528,0.0
921,11,3,0,0.0,0.0,0.0,4.234482800489982,0.0,4.234482800489982,0.0
922,11,3,1,0.0,0.0,0.0,59.34999942779541,0.0,59.34999942779541,0.0
923,11,3,2,0.0,0.0,0.0,26.685714449201313,0.0,26.685714449201313,0.0
924,11,4,0,0.0,0.0,0.0,34.25,0.0,34.25,0.0
925,11,4,1,0.0,0.0,0.0,6.141529220601786,0.0,6.141529220601786,0.0
926,11,4,2,0.0,0.0,0.0,60.50000127156575,0.0,60.50000127156575,0.0
927,11,5,0,0.0,0.0,0.0,5.930842876434323,2.7755575615628914e-17,5.930842876434326,0.0
928,11,5,1,0.0,0.0,0.0,63.03999938964844,1.4399999618530275,64.47999877929688,0.0
929,11,5,2,0.0,0.0,0.0,28.014285496303014,0.0,28.01428549630301,0.0
930,11,6,0,0.0,0.0,0.0,6.750304355340848,0.0,6.750304355340848,0.05882352941176471
931,11,6,1,0.0,0.0,0.0,76.85999908447266,0.0,76.85999908447266,0.0
932,11,6,2,0.0,0.0,0.0,27.550000429153442,0.0,27.550000429153442,0.0
933,11,7,0,0.0,0.0,0.0,9.881034528667278,0.0,9.881034528667278,0.0
934,11,7,1,0.0,0.0,0.0,142.35000228881836,0.0,142.35000228881836,0.0
935,11,7,2,0.0,0.0,0.0,66.16666666666667,0.0,66.16666666666667,0.0
936,11,8,0,0.0,0.0,0.0,9.271943677555441,0.0,9.271943677555441,0.0
937,11,8,1,0.0,0.0,0.0,58.96666653951009,0.0,58.96666653951009,0.0
938,11,8,2,0.0,0.0,0.0,120.79999923706055,0.0,120.79999923706055,0.0
939,11,9,0,0.0,0.0,0.0,5.899281630913411,0.0,5.899281630913411,0.0
940,11,9,1,0.0,0.0,0.0,150.60000610351562,0.0,150.60000610351562,0.0
941,11,9,2,0.0,0.0,0.0,48.9000005722046,0.0,48.9000005722046,0.0
942,11,10,0,0.0,0.0,0.0,7.732615027576692,0.0,7.732615027576692,0.0
943,11,10,1,0.0,0.0,0.0,49.89999923706055,0.0,49.89999923706055,0.0
944,11,10,2,0.0,0.0,0.0,151.0,0.0,151.0,0.0
945,11,11,0,0.0,0.0,0.0,4.7225152578423994,0.0,4.7225152578423994,0.0
946,11,11,1,0.0,0.0,0.0,164.60000610351562,0.0,164.60000610351562,0.0
947,11,11,2,0.0,0.0,0.0,33.93333355585734,0.0,33.93333355585734,0.0
948,11,12,0,0.0,0.0,0.0,47.0285712650844,0.0,47.0285712650844,0.0
949,11,12,1,0.0,0.0,0.0,9.34913790524006,0.0,9.34913790524006,0.0
950,11,12,2,0.0,0.0,0.0,94.63333638509113,0.0,94.63333638509113,0.0
951,11,13,0,0.0,0.0,0.0,3.9479623165997566,0.0,3.9479623165997566,0.0
952,11,13,1,0.0,0.0,0.0,102.0,0.0,102.0,0.0
953,11,13,2,0.0,0.0,0.0,26.54285730634417,0.0,26.54285730634417,0.0
954,11,14,0,0.0,0.0,0.0,4.907053329727862,0.0,4.907053329727862,0.0
955,11,14,1,0.0,0.0,0.0,241.0,0.0,241.0,0.0
956,11,14,2,0.0,0.0,0.0,58.5571436200823,0.0,58.5571436200823,0.0
957,11,15,0,0.0,0.0,0.0,35.58000030517578,0.0,35.58000030517578,0.0
958,11,15,1,0.0,0.0,0.0,114.85000038146973,0.0,114.85000038146973,0.0
959,11,15,2,0.0,0.0,0.0,5.234698319807656,0.0,5.234698319807656,0.0
960,11,16,0,0.0,0.0,0.0,61.16666730244954,0.0,61.16666730244955,0.0
961,11,16,1,0.0,0.0,0.0,11.36326849978903,0.5695652339769447,11.93283373376598,0.0
962,11,16,2,0.0,0.0,0.0,118.1999969482422,0.0,118.19999694824219,0.0
963,11,17,0,0.0,0.0,0.0,29.050000190734863,0.0,29.050000190734863,0.0
964,11,17,1,0.0,0.0,0.0,4.3127586573362375,0.24000000953674322,4.5527586668729825,0.05
965,11,17,2,0.0,0.0,0.0,115.29999923706055,0.0,115.29999923706055,0.0
966,11,18,0,0.0,0.0,0.0,5.510632206996281,0.0749999980131785,5.585632205009455,0.29166666666666663
967,11,18,1,0.0,0.0,0.0,105.39999771118164,0.0,105.39999771118164,0.0
968,11,18,2,0.0,0.0,0.0,45.84999990463257,0.0,45.84999990463257,0.0
969,11,19,0,0.0,0.0,0.0,3.5570533167232234,-2.7755575615628914e-17,3.557053316723213,0.0
970,11,19,1,0.0,0.0,0.0,36.34000015258789,0.5999999999999999,36.94000015258789,0.0
971,11,19,2,0.0,0.0,0.0,61.266667683919266,-1.3877787807814457e-17,61.26666768391927,0.0
972,11,20,0,0.0,0.0,0.0,2.1297805878249125,0.0,2.1297805878249125,0.0
973,11,20,1,0.0,0.0,0.0,59.85000038146973,0.0,59.85000038146973,0.0
974,11,20,2,0.0,0.0,0.0,26.649999936421708,0.0,26.649999936421708,0.0
975,11,21,0,0.0,0.0,0.0,4.6064654737710935,0.0,4.6064654737710935,0.0
976,11,21,1,0.0,0.0,0.0,50.519999694824214,0.0,50.519999694824214,0.0
977,11,21,2,0.0,0.0,0.0,99.6999969482422,0.0,99.6999969482422,0.0
978,11,22,0,0.0,0.0,0.0,41.81428527832031,0.4714285646166119,42.28571374075753,0.0
979,11,22,1,0.0,0.0,0.0,4.593416963788597,-2.7755575615628914e-17,4.593416963788597,0.0
980,11,22,2,0.0,0.0,0.0,159.8000030517578,0.0,159.8000030517578,0.0
981,11,23,0,0.0,0.0,0.0,41.08333365122478,-2.7755575615628914e-17,41.08333365122478,0.4999999999999999
982,11,23,1,0.0,0.0,0.0,7.337181431767737,0.28260869565217384,7.619790127419911,-2.7755575615628914e-17
983,11,23,2,0.0,0.0,0.0,86.80000305175781,0.0,86.80000305175781,0.0
984,11,24,0,0.0,0.0,0.0,52.637500286102295,-1.1102230246251565e-16,52.637500286102295,0.0
985,11,24,1,0.0,0.0,0.0,1.6583333412806134,0.0833333333333332,1.7416667143503872,0.08333333333333334
986,11,24,2,0.0,0.0,0.0,16.37827596664429,1.2,17.578275966644288,0.0
987,11,25,0,0.0,0.0,0.0,2.258823513984682,0.0,2.2588235139846766,-2.7755575615628914e-17
988,11,25,1,0.0,0.0,0.0,46.73333295186361,0.0,46.73333295186361,0.16666666666666666
989,11,25,2,0.0,0.0,0.0,15.350739070347379,0.5714285714285715,15.92216764177595,0.7142857142857142
990,11,26,0,0.0,0.0,0.0,6.039798756440481,0.4833333293596903,6.523132070899008,0.16666666666666669
991,11,26,1,0.0,0.0,0.0,173.0,0.0,173.0,0.0
992,11,26,2,0.0,0.0,0.0,47.17999954223633,0.0,47.17999954223633,0.0
993,11,27,0,0.0,0.0,0.0,4.216144252229821,0.18181818181818185,4.397962434048004,0.409090909090909
994,11,27,1,0.0,0.0,0.0,62.70000076293945,0.0,62.70000076293945,0.0
995,11,27,2,0.0,0.0,0.0,33.18000030517578,0.0,33.18000030517578,0.2
996,11,28,0,0.0,0.0,0.0,6.175235065546907,0.0,6.175235065546907,0.3636363636363637
997,11,28,1,0.0,0.0,0.0,110.30000305175778,0.0,110.30000305175778,0.0
998,11,28,2,0.0,0.0,0.0,41.35000006357829,0.0,41.35000006357829,0.0
999,11,29,0,0.0,0.0,0.0,4.687114359516849,0.0578947380969399,4.745009091339618,0.0
1000,11,29,1,0.0,0.0,0.0,35.71250033378601,0.0,35.71250033378601,0.0
1001,11,29,2,0.0,0.0,0.0,57.63333511352539,0.0,57.63333511352539,0.0
1002,11,30,0,0.0,0.0,0.0,0.5142857134342194,0.6428571428571428,1.1571428562913582,0.0
1003,11,30,1,0.0,0.0,0.0,54.874999046325684,0.0,54.874999046325684,0.0
1004,11,30,2,0.0,0.0,0.0,13.254597743352255,1.5,14.754597743352255,0.0
1005,12,1,0,0.0,0.0,0.0,5.183516587202365,2.118131871406849,7.301648444854294,1.2362637336437519
1006,12,1,1,0.0,0.0,0.0,100.0,0.0,100.0,0.0
1007,12,1,2,0.0,0.0,0.0,43.099999745686844,-2.220446049250313e-16,43.099999745686844,0.0
1008,12,2,0,0.0,0.0,0.0,5.595962760889011,0.32639752263608185,5.922360283525098,0.8788819831350565
1009,12,2,1,0.0,0.0,0.0,45.57999954223632,0.0,45.57999954223633,9.200000000000001
1010,12,2,2,0.0,0.0,0.0,95.70000076293945,1.0,96.70000076293945,10.0
1011,12,3,0,0.0,0.0,0.0,3.109415564347401,1.1139610463922673,4.223376610739667,0.9642857096411966
1012,12,3,1,0.0,0.0,0.0,124.93333180745442,0.0,124.93333180745442,1.666666666666667
1013,12,3,2,0.0,0.0,0.0,42.47999992370606,1.1102230246251565e-16,42.47999992370606,0.0
1014,12,4,0,0.0,0.0,0.0,2.1585714429616925,0.6835714340209962,2.84214292466641,0.8071428537368776
1015,12,4,1,0.0,0.0,0.0,27.471428734915598,4.342857088361468,31.81428609575544,0.1428571428571429
1016,12,4,2,0.0,0.0,0.0,54.86666615804037,0.0,54.86666615804036,0.0
1017,12,5,0,0.0,0.0,0.0,58.625,0.0,58.625,0.25
1018,12,5,1,0.0,0.0,0.0,3.3176870800200025,0.6748299371628533,3.9925170171828537,1.387755098797026
1019,12,5,2,0.0,0.0,0.0,28.559999847412108,0.2,28.75999984741211,0.0
1020,12,6,0,0.0,0.0,0.0,1.0666666792498685,2.220446049250313e-16,1.0666666792498702,0.8888888888888888
1021,12,6,1,0.0,0.0,0.0,15.919047673543293,0.519047631157769,16.438095304701065,0.23809523052639436
1022,12,6,2,0.0,0.0,0.0,37.266666412353516,4.733333269755046,42.0,6.333333333333334
1023,12,7,0,0.0,0.0,0.0,33.0899995803833,0.09999999999999992,33.1899995803833,0.0
1024,12,7,1,0.0,0.0,0.0,68.0,3.0,71.0,0.0
1025,12,7,2,0.0,0.0,0.0,1.8428571770588569,0.20396826002332893,2.0468254370821892,0.11904761526319715
1026,12,8,0,0.0,0.0,0.0,2.3650793764326306,1.31507937113444,3.6801587475670683,0.11904761526319715
1027,12,8,1,0.0,0.0,0.0,63.75,0.0,63.75,0.0
1028,12,8,2,0.0,0.0,0.0,25.612499713897705,-1.1102230246251565e-16,25.612499713897705,0.125
1029,12,9,0,0.0,0.0,0.0,4.332142873243848,0.7275974100286309,5.059740285981791,1.191558436913924
1030,12,9,1,0.0,0.0,0.0,98.2999979654948,0.0,98.29999796549478,-1.1102230246251565e-16
1031,12,9,2,0.0,0.0,0.0,39.419999313354495,0.0,39.419999313354495,0.0
1032,12,10,0,0.0,0.0,0.0,39.08333333333333,0.0,41.76666704813639,-1.1102230246251565e-16
1033,12,10,1,0.0,0.0,0.0,6.178571472997248,0.23944100089695136,6.4180124738941995,0.9658385048741878
1034,12,10,2,0.0,0.0,0.0,98.4000015258789,0.0,98.4000015258789,0.0
1035,12,11,0,0.0,0.0,0.0,4.390062140381849,0.2248447252356488,4.6149068604344965,1.0962732874828838
1036,12,11,1,0.0,0.0,0.0,35.60000069936116,0.0,35.60000069936116,0.0
1037,12,11,2,0.0,0.0,0.0,92.0,0.0,92.0,0.0
1038,12,12,0,0.0,0.0,0.0,1.6687499582767469,0.5875000059604645,2.256249964237213,0.37946428358554846
1039,12,12,1,0.0,0.0,0.0,113.55000305175781,0.0,113.55000305175781,0.0
1040,12,12,2,0.0,0.0,0.0,18.133928616841633,0.45892858505249023,18.592857201894123,1.6011904676755264
1041,12,13,0,0.0,0.0,0.0,1.5625000037252939,0.41874998807907116,1.9812500216066837,0.4375000000000001
1042,12,13,1,0.0,0.0,0.0,80.69999949137372,0.0,80.6999994913737,0.0
1043,12,13,2,0.0,0.0,0.0,18.11883120103316,0.5006493655118076,18.61948056654497,0.9285714192823931
1044,12,14,0,0.0,0.0,0.0,2.7076923388701193,0.0,2.7076923388701175,0.3076923076923077
1045,12,14,1,0.0,0.0,0.0,42.742856706891736,0.7142857142857142,43.45714242117745,2.0
1046,12,14,2,0.0,0.0,0.0,13.870714282989502,1.1507143020629882,15.02142858505249,0.7214285612106324
1047,12,15,0,0.0,0.0,0.0,2.5266666889190645,1.0799999872843424,3.606666676203403,0.2666666666666666
1048,12,15,1,0.0,0.0,0.0,66.4833329518636,-1.1102230246251565e-16,66.48333295186362,0.49999999999999994
1049,12,15,2,0.0,0.0,0.0,20.219047652350532,1.385714292526245,21.604761865403916,2.4603174527486162
1050,12,16,0,0.0,0.0,0.0,18.192261854807533,1.6755952338377629,19.867856979370117,0.9345238010088602
1051,12,16,1,0.0,0.0,0.0,43.8,0.19999999999999996,44.0,2.0
1052,12,16,2,0.0,0.0,0.0,1.9769230805910567,0.0769230769230771,2.05384615751413,0.6153846153846154
1053,12,17,0,0.0,0.0,0.0,0.8733333190282178,5.551115123125783e-17,0.8733333190282195,0.20476190249125156
1054,12,17,1,0.0,0.0,0.0,54.20000076293945,0.0,54.20000076293945,0.0
1055,12,17,2,0.0,0.0,0.0,17.643955964308518,0.5439560527984912,18.187911987304688,0.7032966980567347
1056,12,18,0,0.0,0.0,0.0,6.724867772172994,0.573015884116844,7.297883691611111,0.33862433610139075
1057,12,18,1,0.0,0.0,0.0,122.0,0.0,122.0,0.0
1058,12,18,2,0.0,0.0,0.0,51.5,0.0,51.5,0.0
1059,12,19,0,0.0,0.0,0.0,6.3214285373687655,0.6951127805207905,7.0165413680829545,0.7969924776177656
1060,12,19,1,0.0,0.0,0.0,31.287500143051147,0.3125,31.600000143051147,0.875
1061,12,19,2,0.0,0.0,0.0,59.766667683919266,0.0,59.766667683919266,1.1102230246251565e-16
1062,12,20,0,0.0,0.0,0.0,14.980714511871337,0.6507143020629882,15.631428813934326,1.521428561210632
1063,12,20,1,0.0,0.0,0.0,39.449999491373696,0.0,39.449999491373696,0.0
1064,12,20,2,0.0,0.0,0.0,1.585714274219102,1.0000000000000002,2.5857142742190984,0.3571428571428571
1065,12,21,0,0.0,0.0,0.0,4.378042318202834,0.2780423340974031,4.656084652300231,1.119047615263197
1066,12,21,1,0.0,0.0,0.0,47.400001525878906,0.0,47.4000015258789,0.0
1067,12,21,2,0.0,0.0,0.0,77.19999694824219,0.0,77.19999694824219,0.0
1068,12,22,0,0.0,0.0,0.0,3.3053571820259045,0.9853571511805058,4.29071433320642,1.2571428537368776
1069,12,22,1,0.0,0.0,0.0,244.0,0.0,244.0,0.0
1070,12,22,2,0.0,0.0,0.0,27.388888888888886,1.5555555555555556,28.944444656372067,1.1102230246251565e-16
1071,12,23,0,0.0,0.0,0.0,5.12113097558419,0.7211309603104987,5.8422619358946974,2.0505952338377633
1072,12,23,1,0.0,0.0,0.0,125.1999969482422,0.0,125.1999969482422,0.0
1073,12,23,2,0.0,0.0,0.0,43.05000019073486,0.32499998807907104,43.375000953674316,0.5
1074,12,24,0,0.0,0.0,0.0,117.8000030517578,0.0,117.8000030517578,0.0
1075,12,24,1,0.0,0.0,0.0,2.4185065274888764,0.7957792282104492,3.2142857448621207,1.964285709641196
1076,12,24,2,0.0,0.0,0.0,27.616667111714683,0.0,27.616667111714683,0.5
1077,12,25,0,0.0,0.0,0.0,20.246104153719816,0.5006493655118074,20.74675351923162,0.5649350556460294
1078,12,25,1,0.0,0.0,0.0,85.70000076293945,0.0,85.70000076293945,0.0
1079,12,25,2,0.0,0.0,0.0,1.2058823652127213,1.0588235294117647,2.2647058946244876,2.294117647058824
1080,12,26,0,0.0,0.0,0.0,19.508242093599762,1.0390110015869143,20.547253095186672,2.0934065855466404
1081,12,26,1,0.0,0.0,0.0,64.5,0.0,64.5,0.0
1082,12,26,2,0.0,0.0,0.0,2.618749976158144,0.38749998807907116,3.0062499642372096,2.0
1083,12,27,0,0.0,0.0,0.0,3.9387362828621484,0.3271978084857647,4.26593409134791,1.8543956004656277
1084,12,27,1,0.0,0.0,0.0,37.0,0.0,37.0,0.33333333333333326
1085,12,27,2,0.0,0.0,0.0,78.19999694824219,0.0,78.19999694824219,0.0
1086,12,28,0,0.0,0.0,0.0,4.82428576111793,0.4922857189178467,5.316571480035779,1.0885714244842528
1087,12,28,1,0.0,0.0,0.0,74.19999694824219,0.0,74.19999694824219,0.0
1088,12,28,2,0.0,0.0,0.0,33.33333333333333,3.3333333333333335,36.666666666666664,6.333333333333333
1089,12,29,0,0.0,0.0,0.0,26.220000076293946,0.0,26.220000076293942,0.0
1090,12,29,1,0.0,0.0,0.0,1.341176474795624,0.23529411764705888,1.5764705924426803,0.588235294117647
1091,12,29,2,0.0,0.0,0.0,10.400892972946167,4.13839292526245,14.539285898208618,3.15178570151329
1092,12,30,0,0.0,0.0,0.0,6.288285756111145,0.42028572082519533,6.772571492195128,0.6885714244842531
1093,12,30,1,0.0,0.0,0.0,11.0,6.500000000000001,17.500000476837158,28.5
1094,12,30,2,0.0,0.0,0.0,26.40000025431315,1.1102230246251565e-16,26.40000025431315,0.0
1095,12,31,0,0.0,0.0,0.0,2.6985714323818666,0.18357143402099596,2.8821428664028605,2.910714280605317
1096,12,31,1,0.0,0.0,0.0,24.95555551846822,5.911111195882162,30.86666679382324,0.8888888888888886
1097,12,31,2,0.0,0.0,0.0,111.5999984741211,0.0,111.5999984741211,0.0
